finding,decision,path,line,pointer,excerpt,reason
C18,retained,dataset/source/afrik/famille_linguistique/FLG_GUR.json,17,/content/decolonialHeader/originOfHistoricalTerm,". D'après une source non vérifiée, ce nom aurait été forgé dès 1895 par un linguiste allemand, à partir de la première syllabe que l'on entend dans plusieurs noms de peuples voisins (Gourmantché, Gourounsi) ; les linguistes du XXe siècle l'ont ensuite repris","A named author, provider or scholarly authority leads the explanation; preserve attribution and limits after restructuring."
C18,retained,dataset/source/afrik/famille_linguistique/FLG_OMOTIQUE.json,55,/content/historyAndOrigins/emergencePeriod,". Selon Blažek (2008) dans « Lexicostatistical Comparison of Omotic Languages » (John Benjamins Publishing Company), la séparation Nord/Sud Omotique pourrait remonter au début du 5e millénaire av","A named author, provider or scholarly authority leads the explanation; preserve attribution and limits after restructuring."
C18,retained,dataset/source/afrik/langues/lin.json,19,/whyProblematic,". Selon Meeuwis, les Européens arrivés sur le fleuve Congo en 1881-1882 ont appris de façon imparfaite le bobangi, langue de commerce des riverains, et l'ont fortement simplifié","A named author, provider or scholarly authority leads the explanation; preserve attribution and limits after restructuring."
C18,retained,dataset/source/afrik/langues/lin.json,19,/whyProblematic,". Selon Castillo, la Force publique a adopté le lingala comme langue de commandement après la mutinerie de 1893-1894, et le régime de Mobutu l'a imposé par l'usage, sans loi ni décret","A named author, provider or scholarly authority leads the explanation; preserve attribution and limits after restructuring."
C18,retained,dataset/source/afrik/langues/lin.json,19,/whyProblematic,". Selon Meeuwis comme selon Mimpongo, le nom Bangala a d'abord été donné par des Européens aux habitants de la région de Mankanza, puis à leur poste et à leur parler ; ils divergent sur l'ancienneté de Mangala et de Lingala comme noms de la langue","A named author, provider or scholarly authority leads the explanation; preserve attribution and limits after restructuring."
C18,retained,dataset/source/afrik/langues/swh.json,20,/whyProblematic,". Selon Robinson (2024), ses nombreux emprunts, à l'arabe, au persan, au gujarati puis au portugais, à l'allemand et à l'anglais, ont conduit certains observateurs à la ranger parmi les langues non africaines","A named author, provider or scholarly authority leads the explanation; preserve attribution and limits after restructuring."
,excluded,dataset/source/afrik/patronymes/PAT_KOLLO.json,35,/origin/oralTraditions/0/claim,"Selon un témoignage familial, ce nom est aussi porté au Cameroun sous la forme composée Ngo Kollo, où le premier élément marque l'appartenance à une lignée","Situated account, myth, alternative hypothesis, source note or non-author use of according to; attribution is not removed."
C18,retained,dataset/source/afrik/patronymes/PAT_MBAPPE.json,48,/origin/oralTraditions/0/claim,"Selon le prince Kum'a Ndumbe III, Mbape est d'abord le nom d'un ancêtre, fils du roi Béri ba Doo, fondateur de Bonabéri, puis le nom de ses descendants : ses fils Bwanga Mbape et Koum Mbape, dit Lock Priso, puis les lignées de Bonabéri qui se disent « Bona Mbap'a Bele » ou « Bona Kum'a Mbape »","A named author, provider or scholarly authority leads the explanation; preserve attribution and limits after restructuring."
,excluded,dataset/source/afrik/patronymes/PAT_SANGARE.json,65,/origin/writtenChronicles/1/claim,". Selon ce même récit, Sangaré compte, avec Diallo, Sidibé et Diakité, parmi les quatre patronymes peuls emblématiques du Wassoulou, et des lignages mandingues auraient à leur tour adopté ces noms peuls au contact de leurs voisins ou de leurs anciens maîtres","Situated account, myth, alternative hypothesis, source note or non-author use of according to; attribution is not removed."
C18,retained,dataset/source/afrik/pays/CIV.json,7,/etymology,". Selon un inventaire des Archives nationales d'outre-mer, les établissements de la Côte d'Or auraient reçu le nom de Côte d'Ivoire dès 1891, pour éviter la confusion avec la colonie britannique voisine ; les textes que nous avons pu lire ne permettent pas de trancher entre 1891 et 1893 pour la première désignation administrative","A named author, provider or scholarly authority leads the explanation; preserve attribution and limits after restructuring."
C18,retained,dataset/source/afrik/pays/GHA.json,7,/etymology,". Selon l'Encyclopaedia Africana, ce royaume se trouvait bien plus au nord-ouest, entre le Sahara et les hauts cours du Sénégal et du Niger, et non sur le territoire du Ghana actuel","A named author, provider or scholarly authority leads the explanation; preserve attribution and limits after restructuring."
C18,retained,dataset/source/afrik/pays/GHA.json,19,/content/historicalNames/colonization,". Selon Duarte Pacheco Pereira (vers 1505-1508), le lieu de traite d'or de Shama, où les Portugais obtiennent de l'or en janvier 1471, était alors appelé Mina ; il date de 1482 le château de São Jorge da Mina et parle de la côte de Malagueta ou de Mina","A named author, provider or scholarly authority leads the explanation; preserve attribution and limits after restructuring."
C18,retained,dataset/source/afrik/pays/MLI.json,7,/etymology,"Selon Djibril Tamsir Niane, la plus ancienne mention est celle du géographe al-Bakrī au XIe siècle, qui écrit Malel ; le nom est aussi attesté dans des récits arabes du XIVe siècle","A named author, provider or scholarly authority leads the explanation; preserve attribution and limits after restructuring."
C18,retained,dataset/source/afrik/pays/MLI.json,209,/content/majorPeoples/7/appellationRemarks,". Selon Colleyn et Jonckers, les intéressés se désignent comme Bamana dans le contexte étudié ; cet usage ne doit pas être confondu automatiquement avec le peuple Bambara ou Bamana","A named author, provider or scholarly authority leads the explanation; preserve attribution and limits after restructuring."
C18,retained,dataset/source/afrik/peuples/FLG_ATLANTIQUE/PPL_BAINOUK.json,83,/content/languages/vehicularRole,". Selon Sorosoro (organisation de sauvegarde des langues menacees), les dialectes bainouk sont classes comme gravement menaces","A named author, provider or scholarly authority leads the explanation; preserve attribution and limits after restructuring."
,excluded,dataset/source/afrik/peuples/FLG_ATLANTIQUE/PPL_BIJAOGO.json,37,/content/origins/ancientOrigins,"Selon la mythologie bijago, le monde commenca sur l'ile d'Orango (la premiere ile creee)","Situated account, myth, alternative hypothesis, source note or non-author use of according to; attribution is not removed."
C18,retained,dataset/source/afrik/peuples/FLG_ATLANTIQUE/PPL_FULA.json,55,/content/appellations/originOfExonyms,". Selon le commandant Gaden, cité par Delafosse et rapporté par Tauxier (1937), Fulbe signifierait « les dispersés, les éparpillés »","A named author, provider or scholarly authority leads the explanation; preserve attribution and limits after restructuring."
C18,retained,dataset/source/afrik/peuples/FLG_ATLANTIQUE/PPL_FULANI_MASSINA.json,55,/content/organization/traditionalPoliticalSystem,". Selon Hampâté Bâ et Daget, le grand conseil comptait quarante membres répartis en cinq commissions (Diennéri, Fakala-Kunaari, Hayre-Sini, Macina, NaBBe-DuuDe), chaque région étant confiée à un amiiru militaire assisté d'un conseil religieux, judiciaire et technique ; ils décrivent aussi des cadis, un trésor (beyt el maal), et des exécutions capitales faites à l'une des portes de Hamdallaye","A named author, provider or scholarly authority leads the explanation; preserve attribution and limits after restructuring."
C18,retained,dataset/source/afrik/peuples/FLG_ATLANTIQUE/PPL_SERER.json,48,/content/origins/ancientOrigins,". Selon le chercheur David Galvan et d'autres historiens, les Sérère ont migré vers le sud depuis la région du Fuuta Tooro (vallée du fleuve Sénégal) à partir du XIe siècle, lorsque l'islam franchit le Sahara via le mouvement almoravide","A named author, provider or scholarly authority leads the explanation; preserve attribution and limits after restructuring."
,excluded,dataset/source/afrik/peuples/FLG_ATLANTIQUE/PPL_WOLOF.json,34,/content/origins/ancientOrigins,". Selon une tradition orale liee au Waalo, un personnage mysterieux nomme Ndiadiane Ndiaye (Ndyadyane Ndyaye) serait emerge d'un lac, aurait arbitre un conflit entre villages et serait devenu le premier souverain wolof","Situated account, myth, alternative hypothesis, source note or non-author use of according to; attribution is not removed."
C18,retained,dataset/source/afrik/peuples/FLG_AUSTRONESIENNE/PPL_BEZANOZANO.json,64,/content/languages/vehicularRole,". Selon Joshua Project, ce dialecte est de moins en moins pratiqué, supplanté par le malgache merina dominant à Moramanga où la majorité des résidents actuels vient d'autres régions","A named author, provider or scholarly authority leads the explanation; preserve attribution and limits after restructuring."
,excluded,dataset/source/afrik/peuples/FLG_BANTU/PPL_AKA.json,49,/content/organization/clanOrganization,". Selon la region, l'identification s'etend aux familles et clans des agriculteurs voisins (Ngandu) avec lesquels les Aka entretiennent des relations de symbiose","Situated account, myth, alternative hypothesis, source note or non-author use of according to; attribution is not removed."
C18,retained,dataset/source/afrik/peuples/FLG_BANTU/PPL_AUTRES_PEUPLES_BANTOUS.json,37,/content/origins/ancientOrigins,". Selon les travaux genomiques de l'Institut Pasteur (2017), les Bantous ont d'abord traverse la foret equatoriale — l'actuel Gabon — avant de se diviser en deux flux : l'un vers le sud, l'autre vers l'Afrique de l'Est","A named author, provider or scholarly authority leads the explanation; preserve attribution and limits after restructuring."
,excluded,dataset/source/afrik/peuples/FLG_BANTU/PPL_BAGANDA.json,58,/content/origins/ancientOrigins,". Selon une tradition historique, Rukidi Mpuga (fondateur du Bunyoro) envoya son jumeau Kato vers le sud-est, qui établit indépendamment le Buganda","Situated account, myth, alternative hypothesis, source note or non-author use of according to; attribution is not removed."
,excluded,dataset/source/afrik/peuples/FLG_BANTU/PPL_BAKOSSI.json,32,/content/origins/ancientOrigins,". Selon le récit fondateur, un être surnaturel avertit Ngoe d'un déluge imminent","Situated account, myth, alternative hypothesis, source note or non-author use of according to; attribution is not removed."
,excluded,dataset/source/afrik/peuples/FLG_BANTU/PPL_BANYANKOLE.json,30,/content/origins/ancientOrigins,". Selon d'autres analyses, les Bahima auraient adopte la langue runyankole des Bairu mais maintenu leur identite pastorale distincte","Situated account, myth, alternative hypothesis, source note or non-author use of according to; attribution is not removed."
,excluded,dataset/source/afrik/peuples/FLG_BANTU/PPL_BENDE.json,21,/content/origins/ancientOrigins,". Selon les donnees linguistiques, le groupe Bende est lie aux peuples Tongwe et Holoholo dans la zone nord de Rukwa, formant le groupe linguistique Bende","Situated account, myth, alternative hypothesis, source note or non-author use of according to; attribution is not removed."
,excluded,dataset/source/afrik/peuples/FLG_BANTU/PPL_EMBU.json,34,/content/origins/ancientOrigins,". Selon la mythologie, Dieu (Ngai) crea Mwenendega et lui donna une epouse, Ciurunjii ou Nthara, au bord de la riviere Gogo","Situated account, myth, alternative hypothesis, source note or non-author use of according to; attribution is not removed."
,excluded,dataset/source/afrik/peuples/FLG_BANTU/PPL_GOVA.json,39,/content/origins/ancientOrigins,"Selon la mythologie hambukushu, leur dieu supreme Nyembe crea les premiers ancetres et les descendit du ciel jusqu'aux collines de Tsodilo (aujourd'hui site UNESCO au Botswana) au moyen d'une corde","Situated account, myth, alternative hypothesis, source note or non-author use of according to; attribution is not removed."
C18,retained,dataset/source/afrik/peuples/FLG_BANTU/PPL_GOVA.json,73,/content/culture/spiritualities,". Selon le Joshua Project, des systemes de croyances synchretistes incorpores dans des eglises qui ne transmettent pas l'Evangile sont courants","A named author, provider or scholarly authority leads the explanation; preserve attribution and limits after restructuring."
C18,retained,dataset/source/afrik/peuples/FLG_BANTU/PPL_HADIMU.json,28,/content/origins/ancientOrigins,"Selon le témoignage de Mwenyiuzi, notable Hadimu, le peuple est originaire d'une zone côtière continentale près de la ville de Windi, entre Saadani et Bagamoyo (région actuelle de Pwani, Tanzanie continentale)","A named author, provider or scholarly authority leads the explanation; preserve attribution and limits after restructuring."
C18,retained,dataset/source/afrik/peuples/FLG_BANTU/PPL_HUNDE.json,33,/content/origins/ancientOrigins,Selon les etudes ethnographiques et historiques orales documentees par l'anthropologue belge Daniel P,"A named author, provider or scholarly authority leads the explanation; preserve attribution and limits after restructuring."
C18,retained,dataset/source/afrik/peuples/FLG_BANTU/PPL_LALA_AMBO.json,48,/content/languages/vehicularRole,". Selon Joshua Project, la langue primaire des Ambo de Zambie est le Lala-Bisa","A named author, provider or scholarly authority leads the explanation; preserve attribution and limits after restructuring."
C18,retained,dataset/source/afrik/peuples/FLG_BANTU/PPL_LALA_SOLI.json,55,/content/historicalRole/relationsWithNeighbors,". Selon Britannica, les Soli sont connectes au groupe Lala-Lamba, tandis que les Lenje sont lies aux Ila-Tonga","A named author, provider or scholarly authority leads the explanation; preserve attribution and limits after restructuring."
C18,retained,dataset/source/afrik/peuples/FLG_BANTU/PPL_LALA_SWAKA.json,22,/content/origins/formationPeriod,". Selon Munday (1940, 1950), les chefs swaka derivent du lignage Mwewa qui, apres la conquete lala, changea son clan de Bena Ng'ona au clan Nyendwa (Vulve)","A named author, provider or scholarly authority leads the explanation; preserve attribution and limits after restructuring."
C18,retained,dataset/source/afrik/peuples/FLG_BANTU/PPL_LALA_UNGA.json,54,/content/historicalRole/relationsWithNeighbors,". Selon les recherches genetiques de 2024, les BaUnga rapportent avoir trouve les BaTwa lors de leur installation dans les marais","A named author, provider or scholarly authority leads the explanation; preserve attribution and limits after restructuring."
,excluded,dataset/source/afrik/peuples/FLG_BANTU/PPL_LUNGU.json,30,/content/origins/ancientOrigins,". Selon la legende, la lignee royale du chef Tafuna vient d'une terre appelee Uzao, a l'ouest du Lac Tanganyika dans l'actuelle RDC orientale","Situated account, myth, alternative hypothesis, source note or non-author use of according to; attribution is not removed."
,excluded,dataset/source/afrik/peuples/FLG_BANTU/PPL_MAKONDE.json,50,/content/organization/religiousAuthority,". Selon les zones, les Makonde de Tanzanie sont nominalement musulmans, ceux du Mozambique catholiques ou musulmans","Situated account, myth, alternative hypothesis, source note or non-author use of according to; attribution is not removed."
C18,retained,dataset/source/afrik/peuples/FLG_BANTU/PPL_MBETE.json,30,/content/origins/ancientOrigins,". Selon l'historien gabonais Guy Claver Loubamono-Bessacque, leurs deplacements du XVIIIe au XIXe siecle trouvent leur origine a l'est, sur la moyenne Sangha","A named author, provider or scholarly authority leads the explanation; preserve attribution and limits after restructuring."
,excluded,dataset/source/afrik/peuples/FLG_BANTU/PPL_MONGO.json,40,/content/origins/ancientOrigins,". Selon leur tradition orale commune, tous les Mongo sont descendants d'un ancetre eponyme unique nomme Mongo","Situated account, myth, alternative hypothesis, source note or non-author use of according to; attribution is not removed."
,excluded,dataset/source/afrik/peuples/FLG_BANTU/PPL_MWANGA.json,21,/content/origins/ancientOrigins,". Selon d'autres sources, ils migrerent depuis le Bassin du Congo et s'installerent dans ce qui est aujourd'hui le nord de la Zambie et des parties de la Tanzanie","Situated account, myth, alternative hypothesis, source note or non-author use of according to; attribution is not removed."
C18,retained,dataset/source/afrik/peuples/FLG_BANTU/PPL_SAFWA.json,47,/content/languages/vehicularRole,". Selon Ethnologue, la langue est stable","A named author, provider or scholarly authority leads the explanation; preserve attribution and limits after restructuring."
C18,retained,dataset/source/afrik/peuples/FLG_BANTU/PPL_SAGALA.json,48,/content/languages/vehicularRole,". Selon des recensements academiques, la langue comptait 106 331 locuteurs","A named author, provider or scholarly authority leads the explanation; preserve attribution and limits after restructuring."
C18,retained,dataset/source/afrik/peuples/FLG_BANTU/PPL_SENGA.json,62,/content/historicalRole/diaspora,". Selon Joshua Project, la population mondiale totale senga est d'environ 213 000 personnes","A named author, provider or scholarly authority leads the explanation; preserve attribution and limits after restructuring."
,excluded,dataset/source/afrik/peuples/FLG_BANTU/PPL_SHIRAZI.json,22,/content/origins/ancientOrigins,". Selon la legende, un prince de Shiraz interpreta un reve comme un signe de malheur et s'embarqua avec six freres pour fonder des cites-etats sur la cote","Situated account, myth, alternative hypothesis, source note or non-author use of according to; attribution is not removed."
C18,retained,dataset/source/afrik/peuples/FLG_BANTU/PPL_SHIRAZI.json,23,/content/origins/formationPeriod,". Selon l'anthropologue Helena Jerman, l'identite Washirazi s'est constituee apres l'arrivee de l'islam, probablement au XVIIe siecle","A named author, provider or scholarly authority leads the explanation; preserve attribution and limits after restructuring."
C18,retained,dataset/source/afrik/peuples/FLG_BANTU/PPL_SHIRAZI.json,62,/content/culture/spiritualities,". Selon certains historiens, des Africains revendiquaient l'identite Shirazi pour obscurcir leurs origines serviles et acceder a un statut social superieur","A named author, provider or scholarly authority leads the explanation; preserve attribution and limits after restructuring."
C18,retained,dataset/source/afrik/peuples/FLG_BANTU/PPL_SOLI.json,21,/content/origins/ancientOrigins,". Selon Manchishi (1990), les Basoli et les Sala faisaient partie des premiers Bantous pre-Luba-Lunda a s'installer en Zambie centrale, probablement vers 1500 dans la region de Chisamba","A named author, provider or scholarly authority leads the explanation; preserve attribution and limits after restructuring."
,excluded,dataset/source/afrik/peuples/FLG_BANTU/PPL_SUBIYA.json,53,/content/organization/roleOfLineages,". Selon la legende, quand le chef Mukuni des Leya captura les Subiya de Sikute et leurs tambours royaux, les tambours s'echapperent dans le Zambeze ou leur son continua d'etre entendu pendant des annees","Situated account, myth, alternative hypothesis, source note or non-author use of according to; attribution is not removed."
,excluded,dataset/source/afrik/peuples/FLG_BANTU/PPL_SWAKA.json,21,/content/origins/ancientOrigins,". Selon l'historiographie zambienne, ils sont issus du courant migratoire bantou provenant du Bassin du Congo via le Royaume Luba","Situated account, myth, alternative hypothesis, source note or non-author use of according to; attribution is not removed."
C18,retained,dataset/source/afrik/peuples/FLG_BANTU/PPL_TUTSI_BURUNDI.json,17,/content/appellations/whyProblematic,". Selon les historiens, un Hutu riche en betail pouvait devenir Tutsi socialement (kwihutura), et un Tutsi appauvri pouvait descendre au rang social des Hutu (gukora)","A named author, provider or scholarly authority leads the explanation; preserve attribution and limits after restructuring."
C18,retained,dataset/source/afrik/peuples/FLG_BANTU/PPL_ZULU.json,67,/content/languages/vehicularRole,". Selon Ethnologue, c'est la deuxieme langue bantoue la plus parlee dans le monde apres le swahili","A named author, provider or scholarly authority leads the explanation; preserve attribution and limits after restructuring."
C18,retained,dataset/source/afrik/peuples/FLG_BENOUECONGO/PPL_ANNANG.json,11,/content/appellations/originOfExonyms,". Selon l'anthropologue Peter Farb, le nom Annang signifie ceux qui parlent bien dans cette communauté","A named author, provider or scholarly authority leads the explanation; preserve attribution and limits after restructuring."
C18,retained,dataset/source/afrik/peuples/FLG_BENOUECONGO/PPL_EFIK.json,81,/content/historicalRole/diaspora,". Selon Joshua Project, 19 000 Efik vivent au Cameroun","A named author, provider or scholarly authority leads the explanation; preserve attribution and limits after restructuring."
,excluded,dataset/source/afrik/peuples/FLG_BENOUECONGO/PPL_IGALA.json,32,/content/origins/ancientOrigins,". Selon la legende, Eri, ancetre mythique des Igbo, aurait engendre un fils (Ojoja) dont le descendant Onoja fonda le royaume d'Igala a Idah","Situated account, myth, alternative hypothesis, source note or non-author use of according to; attribution is not removed."
C18,retained,dataset/source/afrik/peuples/FLG_BENOUECONGO/PPL_JUKUN.json,42,/content/origins/formationPeriod,". Selon certains historiens comme Webster, les Jukun proprement dits n'auraient domina la structure politique de la federation que vers le XVIIe siecle","A named author, provider or scholarly authority leads the explanation; preserve attribution and limits after restructuring."
C18,retained,dataset/source/afrik/peuples/FLG_BENOUECONGO/PPL_YOHOURE.json,34,/content/origins/externalInfluences,". Selon Africa Direct et le Smithsonian, leur art et leur culture varient selon la proximite geographique avec l'un ou l'autre voisin","A named author, provider or scholarly authority leads the explanation; preserve attribution and limits after restructuring."
,excluded,dataset/source/afrik/peuples/FLG_BENOUECONGO/PPL_YOHOURE.json,48,/content/languages/vehicularRole,". Selon leur localisation geographique, les Yaouré parlent soit le yaouré mande, soit le baoulé (Akan)","Situated account, myth, alternative hypothesis, source note or non-author use of according to; attribution is not removed."
C18,retained,dataset/source/afrik/peuples/FLG_BENOUECONGO/PPL_YOHOURE.json,58,/content/historicalRole/relationsWithNeighbors,". Selon le Smithsonian, les masques yaouré presentent des emprunts aux deux traditions : la barbe en zigzag et le hairline dentele typiques du Baoulé se retrouvent aussi dans les masques Gouro et Yaouré","A named author, provider or scholarly authority leads the explanation; preserve attribution and limits after restructuring."
C18,retained,dataset/source/afrik/peuples/FLG_BERBERE/PPL_AMAZIGH_MACRO.json,27,/content/appellations/originOfExonyms,". Selon Yves Modéran, il derive probablement du latin barbarus, par la forme parlee des villes romanisees que les Arabes entendent a leur arrivee, et non par un usage savant","A named author, provider or scholarly authority leads the explanation; preserve attribution and limits after restructuring."
C18,retained,dataset/source/afrik/peuples/FLG_BERBERE/PPL_CHAOUI.json,11,/content/appellations/originOfExonyms,". Selon le traducteur de Ibn Khaldoun (de Slane), le nom designe les Berberes Zenata et renvoie a la pratique ancestrale du pastoralisme","A named author, provider or scholarly authority leads the explanation; preserve attribution and limits after restructuring."
C18,retained,dataset/source/afrik/peuples/FLG_BERBERE/PPL_ZENATA.json,31,/content/origins/ancientOrigins,". Selon l'historien Hsain Ilahiane, les premiers groupes zenata connus occupaient la Tripolitaine (Libye actuelle) et le sud de la Tunisie actuelle au moment des conquetes arabes","A named author, provider or scholarly authority leads the explanation; preserve attribution and limits after restructuring."
C18,retained,dataset/source/afrik/peuples/FLG_COUCHITIQUE/PPL_ALAGWA.json,22,/content/origins/ancientOrigins,". Selon les recherches linguistiques, les locuteurs couchitiques du sud ont migré depuis l'Éthiopie du sud-ouest vers le lac Turkana puis vers la Tanzanie vers 2000 avant J","A named author, provider or scholarly authority leads the explanation; preserve attribution and limits after restructuring."
C18,retained,dataset/source/afrik/peuples/FLG_COUCHITIQUE/PPL_ALAGWA.json,55,/content/culture/spiritualities,". Selon le Joshua Project, environ 99,98% sont musulmans","A named author, provider or scholarly authority leads the explanation; preserve attribution and limits after restructuring."
,excluded,dataset/source/afrik/peuples/FLG_COUCHITIQUE/PPL_BODI.json,30,/content/origins/ancientOrigins,". Selon leur mythe de creation, leurs ancêtres ont émergé d'un trou dans le sol","Situated account, myth, alternative hypothesis, source note or non-author use of according to; attribution is not removed."
,excluded,dataset/source/afrik/peuples/FLG_COUCHITIQUE/PPL_HADIYA.json,12,/content/appellations/originOfExonyms,"Selon une etymologie populaire, le nom Hadiya signifie 'don de Dieu'","Situated account, myth, alternative hypothesis, source note or non-author use of according to; attribution is not removed."
C18,retained,dataset/source/afrik/peuples/FLG_COUCHITIQUE/PPL_KAMBATA.json,38,/content/origins/ancientOrigins,". Selon des analyses linguistiques comparatives, ils partagent des origines communes avec les Hadiya et les Sidama","A named author, provider or scholarly authority leads the explanation; preserve attribution and limits after restructuring."
,excluded,dataset/source/afrik/peuples/FLG_COUCHITIQUE/PPL_QEMANT.json,79,/content/demography/source,". Selon les militants qemant, la population serait estimee a plus de 900 000 personnes (rangeant le groupe au 12e rang des groupes ethniques ethiopiens)","Situated account, myth, alternative hypothesis, source note or non-author use of according to; attribution is not removed."
,excluded,dataset/source/afrik/peuples/FLG_COUCHITIQUE/PPL_QEMANT.json,84,/content/demography/distributionByCountry/0/note,". Selon les militants, la population serait de 900 000+","Situated account, myth, alternative hypothesis, source note or non-author use of according to; attribution is not removed."
C18,retained,dataset/source/afrik/peuples/FLG_COUCHITIQUE/PPL_SEBATBET.json,15,/content/appellations/originOfExonyms,". Selon la Britannica, les groupes Gurage descendraient de conquérants militaires de la région du Tigray à l'époque de l'empire Aksumite","A named author, provider or scholarly authority leads the explanation; preserve attribution and limits after restructuring."
C18,retained,dataset/source/afrik/peuples/FLG_COUCHITIQUE/PPL_SEBATBET.json,33,/content/origins/ancientOrigins,"Selon l'Encyclopaedia Britannica, les ancetres des Gurage etaient des conquerants militaires de la region du Tigray, descendants de l'empire Aksumite, qui se sont installes dans la zone Gurage actuelle","A named author, provider or scholarly authority leads the explanation; preserve attribution and limits after restructuring."
C18,retained,dataset/source/afrik/peuples/FLG_COUCHITIQUE/PPL_TSAMAY.json,46,/content/languages/vehicularRole,". Selon Ethnologue (code tsb), le nombre de locuteurs est estime entre 10 000 et 1 million ; le recensement ethiopien de 1998 indiquait 8 621 locuteurs natifs","A named author, provider or scholarly authority leads the explanation; preserve attribution and limits after restructuring."
,excluded,dataset/source/afrik/peuples/FLG_CREOLE/PPL_FORROS.json,62,/content/languages/vehicularRole,". Selon les statistiques officielles, seulement 36,2% de la population le parle encore en 2012 (contre une estimation traditionnelle de 81,7%)","Situated account, myth, alternative hypothesis, source note or non-author use of according to; attribution is not removed."
C18,retained,dataset/source/afrik/peuples/FLG_GUR/PPL_BUSSA.json,31,/content/origins/ancientOrigins,". Selon le Dictionnaire historique de la Haute-Volta de Daniel McFarland, les Bissa sont des Mande intrusifs qui se sont installes le long du Volta Blanche au-dessous de Tenkodogo aux alentours de 1300","A named author, provider or scholarly authority leads the explanation; preserve attribution and limits after restructuring."
,excluded,dataset/source/afrik/peuples/FLG_GUR/PPL_FRAFRA.json,12,/content/appellations/originOfExonyms,". Selon une autre version, le terme vient de la formule de bienvenue furra furra criée en frappant dans les mains","Situated account, myth, alternative hypothesis, source note or non-author use of according to; attribution is not removed."
,excluded,dataset/source/afrik/peuples/FLG_GUR/PPL_NANKANA.json,36,/content/origins/ancientOrigins,". Selon la legende Atarebore, les Dagomba, Gurune et Dagao etaient freres ou cousins, originaires d'Afrique australe, migrant vers le nord puis vers l'ouest, a travers le Nigeria septentrional pour atteindre le Ghana","Situated account, myth, alternative hypothesis, source note or non-author use of according to; attribution is not removed."
C18,retained,dataset/source/afrik/peuples/FLG_KHOE/PPL_KHOE_MACRO.json,39,/content/origins/ancientOrigins,". Selon les travaux de Tom Guldemann et d'autres linguistes, les ancetres des locuteurs Khoe-Kwadi ont penetre le Botswana actuel il y a environ 2 000 ans depuis le nord-est (direction du Sandawe de Tanzanie actuelle), apportant avec eux un mode de vie agro-pastoral acquis au contact des Bantous","A named author, provider or scholarly authority leads the explanation; preserve attribution and limits after restructuring."
C18,retained,dataset/source/afrik/peuples/FLG_KHOE/PPL_KWADI.json,26,/content/origins/ancientOrigins,". Selon les modeles de migration proposes par Tom Guldemann et d'autres linguistes, les ancetres des Kwadi ont diverge du proto-Khoe-Kwadi avant la migration vers le Botswana, continuant vers le sud-ouest angolais plutot que vers le Kalahari","A named author, provider or scholarly authority leads the explanation; preserve attribution and limits after restructuring."
C18,retained,dataset/source/afrik/peuples/FLG_KROU/PPL_GREBO.json,34,/content/origins/ancientOrigins,". Selon l'ethnographie, leur présence dans la région de Cape Palmas remonte à au moins plusieurs siècles avant le contact européen","A named author, provider or scholarly authority leads the explanation; preserve attribution and limits after restructuring."
,excluded,dataset/source/afrik/peuples/FLG_KROU/PPL_KROUMEN.json,36,/content/origins/ancientOrigins,". Selon une tradition citée dans les sources ivoiriennes, le peuple Kroumen serait parti du delta du Nil et aurait effectué une longue migration vers l'Afrique de l'Ouest","Situated account, myth, alternative hypothesis, source note or non-author use of according to; attribution is not removed."
,excluded,dataset/source/afrik/peuples/FLG_KROU/PPL_KROU_MACRO.json,23,/content/appellations/originOfExonyms,". Selon l'hypothèse la plus solide, il dérive du nom propre Klao (ou Krao), l'autodesignation du peuple aujourd'hui appelé Klao","Situated account, myth, alternative hypothesis, source note or non-author use of according to; attribution is not removed."
C18,retained,dataset/source/afrik/peuples/FLG_KROU/PPL_KRU.json,36,/content/origins/ancientOrigins,". Selon Britannica, ils penetrerent la region depuis le nord-est entre le XVe et le XVIIe siecle, sous la pression des royaumes mandingues et des guerres regionales","A named author, provider or scholarly authority leads the explanation; preserve attribution and limits after restructuring."
C18,retained,dataset/source/afrik/peuples/FLG_KWA/PPL_ADIOUKROU.json,34,/content/origins/ancientOrigins,". Selon les historiens, ils seraient originellement un peuple Krou venu de la region de Gagnoa-Divo (centre-ouest de la Cote d'Ivoire), qui a ete absorbe et transforme par des vagues de populations Akan venues du Ghana","A named author, provider or scholarly authority leads the explanation; preserve attribution and limits after restructuring."
,excluded,dataset/source/afrik/peuples/FLG_KWA/PPL_ADIOUKROU.json,128,/content/sources/6/notes,D'après Hartell (éd,"Situated account, myth, alternative hypothesis, source note or non-author use of according to; attribution is not removed."
,excluded,dataset/source/afrik/peuples/FLG_KWA/PPL_ADJA.json,53,/content/organization/religiousAuthority,". Selon une source, le vodun trouve son origine chez les Adja, dont les pratiques rituelles se sont diffusées vers les Fon, les Ewe et jusque dans les Amériques via la traite","Situated account, myth, alternative hypothesis, source note or non-author use of according to; attribution is not removed."
,excluded,dataset/source/afrik/peuples/FLG_KWA/PPL_CHUMBURUNG.json,24,/content/origins/migrationRoutes/0,"Selon la theorie 1 : depuis la region Fante vers Tafo puis vers le nord avec les Gonja (vers 1600), traversee de Brong-Ahafo et du fleuve Volta jusqu'a la riviere Daka","Situated account, myth, alternative hypothesis, source note or non-author use of according to; attribution is not removed."
,excluded,dataset/source/afrik/peuples/FLG_KWA/PPL_CHUMBURUNG.json,25,/content/origins/migrationRoutes/1,Selon la theorie 2 : depuis la region Larteh vers le nord via les plaines d'Afram,"Situated account, myth, alternative hypothesis, source note or non-author use of according to; attribution is not removed."
C18,retained,dataset/source/afrik/peuples/FLG_KWA/PPL_GA_DANGME.json,16,/content/appellations/originOfExonyms,". Selon des historiens Ga, la langue Dangme serait la langue-mere du Ga, ce qui expliquerait leur appartenance a un meme groupe ethno-linguistique","A named author, provider or scholarly authority leads the explanation; preserve attribution and limits after restructuring."
C18,retained,dataset/source/afrik/peuples/FLG_KWA/PPL_LOGBA.json,22,/content/origins/ancientOrigins,". Selon Bernd Heine (1968, suivant Debrunner), les Logba seraient des descendants des Mako, un peuple Guan qui aurait fui vers le sud apres une defaite militaire dans la deuxieme moitie du 18e siecle","A named author, provider or scholarly authority leads the explanation; preserve attribution and limits after restructuring."
,excluded,dataset/source/afrik/peuples/FLG_KWA/PPL_LOGBA.json,25,/content/origins/migrationRoutes/0,Selon l'hypothese Gbe: depuis Ketu (actuel Benin) vers l'ouest,"Situated account, myth, alternative hypothesis, source note or non-author use of according to; attribution is not removed."
,excluded,dataset/source/afrik/peuples/FLG_KWA/PPL_LOGBA.json,26,/content/origins/migrationRoutes/1,Selon l'hypothese Guan: depuis la region des Mako vers le sud au 18e siecle,"Situated account, myth, alternative hypothesis, source note or non-author use of according to; attribution is not removed."
C18,retained,dataset/source/afrik/peuples/FLG_KWA/PPL_NZEMA.json,33,/content/origins/externalInfluences,". Selon le Ghana Museums and Monuments Board, le chef nzema Amenihyia accorda au Comité des marchands anglais la permission de le bâtir à Beyin, et ce fut le dernier fort construit par les Anglais en Gold Coast ; les travaux commencèrent en 1768, deux ans après le début de l'approvisionnement en matériaux","A named author, provider or scholarly authority leads the explanation; preserve attribution and limits after restructuring."
,excluded,dataset/source/afrik/peuples/FLG_KWA/PPL_SIWU.json,22,/content/origins/ancientOrigins,". Selon leurs traditions orales, ils descendent de groupes Guan qui ont migre depuis l'Adansi et la region d'Akyem Abuakwa, traversant la Volta pour s'etablir dans les collines du Buem","Situated account, myth, alternative hypothesis, source note or non-author use of according to; attribution is not removed."
,excluded,dataset/source/afrik/peuples/FLG_KWA/PPL_TWIFO.json,27,/content/origins/ancientOrigins,. Selon leurs traditions orales (rapportees notamment par F,"Situated account, myth, alternative hypothesis, source note or non-author use of according to; attribution is not removed."
,excluded,dataset/source/afrik/peuples/FLG_KWA/PPL_TWIFO.json,56,/content/languages/vehicularRole,". Selon leur tradition orale, ils considerent leur variante du Twi comme la plus pure des langues akan","Situated account, myth, alternative hypothesis, source note or non-author use of according to; attribution is not removed."
C18,retained,dataset/source/afrik/peuples/FLG_KWA/PPL_WASSA.json,21,/content/origins/ancientOrigins,". Selon l'historienne Eva Meyerowitz, les Wassa seraient parmi ceux qui ont fonde la ville de Bono-Takyiman apres la destruction du royaume de Kania par Djakpa","A named author, provider or scholarly authority leads the explanation; preserve attribution and limits after restructuring."
C18,retained,dataset/source/afrik/peuples/FLG_MANDE/PPL_BAMBARA.json,12,/content/appellations/originOfExonyms,". Selon l'Encyclopedie d'Afrique, Bambara signifiait infidele ou mecreant, designation donnee par les voisins musulmans au XVIIIe siecle","A named author, provider or scholarly authority leads the explanation; preserve attribution and limits after restructuring."
C18,retained,dataset/source/afrik/peuples/FLG_MANDE/PPL_DIOULA.json,35,/content/origins/ancientOrigins,". Selon Niane, Soninke et Maninka etaient les specialistes du commerce de la cola et de l'or et fondaient des etapes vers Kong et Begho ; la foret les nommait jula ou wangara, deux mots que Niane tient pour synonymes de commercant — un rapport que d'autres auteurs contestent pour d'autres regions","A named author, provider or scholarly authority leads the explanation; preserve attribution and limits after restructuring."
,excluded,dataset/source/afrik/peuples/FLG_MANDE/PPL_MALINKE.json,69,/content/origins/ancientOrigins,". Selon une tradition orale, les ancêtres chasseurs fondateurs du Manden, Kontron et Sanin (fraternité des chasseurs), sont les ancêtres mythiques des Malinké et des Bambara, et la famille Camara (Kamara), la plus ancienne du Manden, aurait quitté le Wagadou lors d'une sécheresse pour fonder les premiers villages","Situated account, myth, alternative hypothesis, source note or non-author use of according to; attribution is not removed."
,excluded,dataset/source/afrik/peuples/FLG_MANDE/PPL_SOUSSOU.json,44,/content/origins/migrationRoutes/0,"Selon une lecture : migration depuis Wagadu (Empire du Ghana) vers le sud, fondation de Sosso pres de Koulikoro (12e siecle)","Situated account, myth, alternative hypothesis, source note or non-author use of according to; attribution is not removed."
,excluded,dataset/source/afrik/peuples/FLG_MANDE/PPL_SOUSSOU.json,45,/content/origins/migrationRoutes/1,"Selon une lecture : repli vers l'ouest apres la defaite de l'Empire du Sosso (13e siecle, bataille de Kirina)","Situated account, myth, alternative hypothesis, source note or non-author use of according to; attribution is not removed."
C18,retained,dataset/source/afrik/peuples/FLG_NIGERCONGO/PPL_BUSANSI.json,33,/content/origins/ancientOrigins,". Selon le Dictionnaire historique de la Haute-Volta de Daniel McFarland, ils sont decrits comme des Mande intrusifs qui se sont installes dans la region le long du Volta Blanc en dessous de Tenkodogo vers 1300 ap","A named author, provider or scholarly authority leads the explanation; preserve attribution and limits after restructuring."
,excluded,dataset/source/afrik/peuples/FLG_NIGERCONGO/PPL_BUSANSI.json,33,/content/origins/ancientOrigins,". Selon leurs propres traditions, leur ancetre etait Barso, un chasseur","Situated account, myth, alternative hypothesis, source note or non-author use of according to; attribution is not removed."
,excluded,dataset/source/afrik/peuples/FLG_NIGERCONGO/PPL_KRAHN.json,18,/content/appellations/originOfExonyms,". Selon une tradition orale, le Commissaire de district de Tappita, a qui des porteurs d'un chef local se sont presentes, leur a demande leur identite et ils ont repondu 'nous sommes le peuple de Krai' (nom de leur chef), d'ou Krahn","Situated account, myth, alternative hypothesis, source note or non-author use of according to; attribution is not removed."
C18,retained,dataset/source/afrik/peuples/FLG_NIGERCONGO/PPL_MAKUA.json,74,/content/languages/vehicularRole,". Selon les données ethnologue (2006), le total des locuteurs dépasse 5,8 millions rien pour le Mozambique","A named author, provider or scholarly authority leads the explanation; preserve attribution and limits after restructuring."
C18,retained,dataset/source/afrik/peuples/FLG_NIGERCONGO/PPL_MANIANGA.json,12,/content/appellations/originOfExonyms,". Selon Van Bulck, il désigne un marché près de Kimbanza fondé par l'ancêtre Volumina, seul marché de la région qui subsistait encore à l'époque coloniale","A named author, provider or scholarly authority leads the explanation; preserve attribution and limits after restructuring."
C18,retained,dataset/source/afrik/peuples/FLG_NIGERCONGO/PPL_MANIANGA.json,12,/content/appellations/originOfExonyms,". D'après Monnier et Wiliame, c'est un surnom donné par Stanley et sa suite en 1881 près des chutes de Mpioka, appliqué à l'ancien peuple Sundi","A named author, provider or scholarly authority leads the explanation; preserve attribution and limits after restructuring."
C18,retained,dataset/source/afrik/peuples/FLG_NIGERCONGO/PPL_MANIANGA.json,28,/content/origins/ancientOrigins,". Selon Van Bulck, le marché de Manianga, fondé par l'ancêtre Volumina peu avant l'arrivée des Européens, donna son nom à la population","A named author, provider or scholarly authority leads the explanation; preserve attribution and limits after restructuring."
,excluded,dataset/source/afrik/peuples/FLG_NIGERCONGO/PPL_MBOCHI.json,39,/content/origins/ancientOrigins,". Selon leurs traditions orales, tous les Mbochi descendent d'un ancêtre commun appelé Ndinga","Situated account, myth, alternative hypothesis, source note or non-author use of according to; attribution is not removed."
,excluded,dataset/source/afrik/peuples/FLG_NIGERCONGO/PPL_MUCUBAL.json,21,/content/origins/ancientOrigins,". Selon une autre tradition, ils seraient arrives dans le desert du Namibe apres une longue migration depuis la region des Grands Lacs au XVIe siecle","Situated account, myth, alternative hypothesis, source note or non-author use of according to; attribution is not removed."
C18,retained,dataset/source/afrik/peuples/FLG_NIGERCONGO/PPL_NANUMBA.json,48,/content/languages/vehicularRole,". Selon Ethnologue, le Nanungli est considere comme une variete dialectale du Dagbani","A named author, provider or scholarly authority leads the explanation; preserve attribution and limits after restructuring."
,excluded,dataset/source/afrik/peuples/FLG_NIGERCONGO/PPL_NDAU.json,21,/content/appellations/originOfExonyms,"Selon une étymologie, Ndau signifie terre dans leur langue, similairement au nom Manyika (Propriétaires de la Terre)","Situated account, myth, alternative hypothesis, source note or non-author use of according to; attribution is not removed."
C18,retained,dataset/source/afrik/peuples/FLG_NIGERCONGO/PPL_NGALA.json,38,/content/origins/formationPeriod,". Selon Meeuwis (2019, 2024), les missions protestantes (Baptist Missionary Society) continuèrent d'employer et de codifier le bangala dans le nord-est bien après que les missions catholiques eurent promu activement le glossonyme lingala à l'ouest à partir de 1900 — une bifurcation confessionnelle qui explique la coexistence actuelle des deux noms","A named author, provider or scholarly authority leads the explanation; preserve attribution and limits after restructuring."
C18,retained,dataset/source/afrik/peuples/FLG_NIGERCONGO/PPL_NGALA.json,69,/content/languages/vehicularRole,". Selon Glottolog, le bangala n'est pas une langue menacée et occupe un rôle de communication élargie (EGIDS 3)","A named author, provider or scholarly authority leads the explanation; preserve attribution and limits after restructuring."
C18,retained,dataset/source/afrik/peuples/FLG_NIGERCONGO/PPL_NZEBI.json,52,/content/origins/formationPeriod,". Selon la these de Nestor Ide Righou (2005, Universite Paris 1), l'installation dans le Gabon actuel se situerait plutot vers le milieu du XVIIIe siecle, avec une premiere implantation pres de Moanda avant une dispersion vers le massif du Chaillu ; le groupe atteint la region du mont Makengi vers 1885","A named author, provider or scholarly authority leads the explanation; preserve attribution and limits after restructuring."
C18,retained,dataset/source/afrik/peuples/FLG_NIGERCONGO/PPL_SENA.json,34,/content/origins/ancientOrigins,". Selon Isaacman, les Sena représentent un mélange de populations ayant absorbé des caractéristiques des cultures Shona (principale ethnie du Zimbabwe) et Nyanja-Chewa (principale ethnie du Malawi)","A named author, provider or scholarly authority leads the explanation; preserve attribution and limits after restructuring."
C18,retained,dataset/source/afrik/peuples/FLG_NIGERCONGO/PPL_SENA_MOZ.json,34,/content/origins/ancientOrigins,". Selon Isaacman, les Sena constituent un admix culturel, présentant la plupart des caractéristiques Shona mais avec des traits distinctifs","A named author, provider or scholarly authority leads the explanation; preserve attribution and limits after restructuring."
C18,retained,dataset/source/afrik/peuples/FLG_NIGERCONGO/PPL_TETELA.json,21,/content/origins/ancientOrigins,". Selon l'ethnologue Emil Torday (1908-1909), les Batetela originels se trouvaient sur la rive droite de la riviere Lomami et ont migre vers leurs territoires actuels a une date indeterminee","A named author, provider or scholarly authority leads the explanation; preserve attribution and limits after restructuring."
C18,retained,dataset/source/afrik/peuples/FLG_NILOTIQUE/PPL_JIE.json,63,/content/historicalRole/relationsWithNeighbors,Selon P,"A named author, provider or scholarly authority leads the explanation; preserve attribution and limits after restructuring."
C18,retained,dataset/source/afrik/peuples/FLG_NILOTIQUE/PPL_JOPADHOLA.json,25,/content/origins/ancientOrigins,". Selon l'historien Bethwell Ogot (History of the southern Luo, 1967), ils firent partie de la grande migration Luo depuis le haut Nil (traditionnellement attribuee a une origine en Egypte ou en Ethiopie) vers le 16e siecle","A named author, provider or scholarly authority leads the explanation; preserve attribution and limits after restructuring."
,excluded,dataset/source/afrik/peuples/FLG_NILOTIQUE/PPL_MABAN.json,29,/content/origins/ancientOrigins,". Selon les theories de migration, leur point de depart commun se situait pres de la confluence du Nil et du Nil Bleu, aux environs de Khartoum (Soba)","Situated account, myth, alternative hypothesis, source note or non-author use of according to; attribution is not removed."
C18,retained,dataset/source/afrik/peuples/FLG_NILOTIQUE/PPL_NUER.json,81,/content/historicalRole/relationsWithNeighbors,". Selon l'historien Jared Diamond, les Nuer raident les Dinka, volent leur betail, tuent les hommes et capturent femmes et enfants","A named author, provider or scholarly authority leads the explanation; preserve attribution and limits after restructuring."
C18,retained,dataset/source/afrik/peuples/FLG_NILOTIQUE/PPL_SHILLUK.json,52,/content/organization/traditionalPoliticalSystem,. Selon l'anthropologue C,"A named author, provider or scholarly authority leads the explanation; preserve attribution and limits after restructuring."
,excluded,dataset/source/afrik/peuples/FLG_NILOTIQUE/PPL_TOPOSA.json,27,/content/origins/ancientOrigins,". Selon leur tradition orale, les ancêtres Toposa vivaient avec Nakwuge (être suprême) dans le ciel et descendirent sur terre par une corde, qui se rompit, les séparant définitivement du paradis céleste","Situated account, myth, alternative hypothesis, source note or non-author use of according to; attribution is not removed."
C18,retained,dataset/source/afrik/peuples/FLG_OMOTIQUE/PPL_BENCH.json,42,/content/origins/majorHistoricalEvents,". Selon Fernyhough, l'impact démographique de la traite des esclaves après la conquête éthiopienne fut catastrophique pour l'ensemble de la région (estimation de 300 000 personnes mortes ou déportées entre les débuts du XXe siècle et les années 1920)","A named author, provider or scholarly authority leads the explanation; preserve attribution and limits after restructuring."
C18,retained,dataset/source/afrik/peuples/FLG_OMOTIQUE/PPL_DIZI.json,68,/content/historicalRole/conflictsOrAlliances,". Selon Fernyhough, au moins 300 000 personnes ont été tuées ou déportées dans les régions Kaffa, Gimira et Maji entre les débuts du XXe siècle et les années 1920","A named author, provider or scholarly authority leads the explanation; preserve attribution and limits after restructuring."
,excluded,dataset/source/afrik/peuples/FLG_OMOTIQUE/PPL_MEEN.json,36,/content/origins/ancientOrigins,". Selon leur tradition orale, ils croient être apparus près du fleuve Omo, leurs ancêtres étant sortis d'un trou dans la terre","Situated account, myth, alternative hypothesis, source note or non-author use of according to; attribution is not removed."
C18,retained,dataset/source/afrik/peuples/FLG_OMOTIQUE/PPL_MEEN.json,68,/content/languages/vehicularRole,". Selon SIL International (2005), environ 80 000 locuteurs, dont 51 446 monolingues","A named author, provider or scholarly authority leads the explanation; preserve attribution and limits after restructuring."
C18,retained,dataset/source/afrik/peuples/FLG_OMOTIQUE/PPL_SHEKO.json,60,/content/culture/spiritualities,". Selon Joshua Project, les Sheko ont une majorité évangélique mais ont besoin d'une Bible complète et de matériaux évangéliques dans leur langue","A named author, provider or scholarly authority leads the explanation; preserve attribution and limits after restructuring."
,excluded,dataset/source/afrik/peuples/FLG_SONGHAY/PPL_SONGHAY_MACRO.json,31,/content/origins/ancientOrigins,". Selon la chronique medievale Tarikh al-Sudan d'Al-Sadi (17e siecle), leur origine legendaire remonte a Za Alayaman (ou Dialliaman), qui aurait emigre du Yemen pour s'installer a Kukiya sur le Niger","Situated account, myth, alternative hypothesis, source note or non-author use of according to; attribution is not removed."
C18,retained,dataset/source/afrik/peuples/FLG_SONGHAY/PPL_ZARMA.json,62,/content/organization/clanOrganization,. Selon J,"A named author, provider or scholarly authority leads the explanation; preserve attribution and limits after restructuring."
C18,retained,dataset/source/afrik/peuples/FLG_SOUDANIQUECENTRAL/PPL_BARMA.json,56,/content/languages/vehicularRole,". Selon Glottolog, il est classe au niveau 3 (communication plus large) dans la region","A named author, provider or scholarly authority leads the explanation; preserve attribution and limits after restructuring."
C18,retained,dataset/source/afrik/peuples/FLG_SOUDANIQUECENTRAL/PPL_NGBANDE.json,74,/content/historicalRole/relationsWithNeighbors,". Selon l'ethnologue Hulstaert, le ngbandi est la 'langue la plus importante de l'Ubangi', la mieux connue et apprise comme seconde langue par les membres d'autres tribus","A named author, provider or scholarly authority leads the explanation; preserve attribution and limits after restructuring."
C18,retained,dataset/source/afrik/peuples/FLG_TCHADIQUE/PPL_GWANDARA.json,69,/content/languages/vehicularRole,". Selon les linguistes, le gwandara est un haoussa historiquement recent creolise ou une variante non arabisee du haoussa","A named author, provider or scholarly authority leads the explanation; preserve attribution and limits after restructuring."
,excluded,dataset/source/afrik/peuples/FLG_TCHADIQUE/PPL_HAUSA.json,39,/content/origins/ancientOrigins,". Selon la legende de Bayajidda, les etats haoussa furent fondes par les fils et petits-fils de Bayajidda, un prince de Bagdad qui tua un serpent dans le puits de Daura (Kusugu) et epousa la reine Daurama, derniere souveraine matriarcale","Situated account, myth, alternative hypothesis, source note or non-author use of according to; attribution is not removed."
C18,retained,dataset/source/afrik/peuples/FLG_TCHADIQUE/PPL_MOFU.json,16,/content/appellations/originOfExonyms,". Selon Vincent (1991), le terme designe initialement tous les montagnards au nord de la riviere Tsanaga","A named author, provider or scholarly authority leads the explanation; preserve attribution and limits after restructuring."
,excluded,dataset/source/afrik/peuples/FLG_TCHADIQUE/PPL_MUSGU.json,34,/content/origins/ancientOrigins,". Selon une tradition orale rapportee par les Musgu, ils sont issus d'un mariage entre un prince Kotoko et une femme Massa sur les rives du Logone","Situated account, myth, alternative hypothesis, source note or non-author use of according to; attribution is not removed."
C18,retained,dataset/source/afrik/peuples/FLG_TCHADIQUE/PPL_PODOKO.json,63,/content/languages/dialects/0,"Selon Barreteau (1984), le parekwa (podokwa) est un dialecte du wandala-est, apparente au gelvaxdaxa (Glavda) et au wandala (wandala, mura, malgwa)","A named author, provider or scholarly authority leads the explanation; preserve attribution and limits after restructuring."
,excluded,dataset/source/afrik/peuples/FLG_TCHADIQUE/PPL_TERA.json,28,/content/origins/ancientOrigins,". Selon leur tradition orale, ils ont migre depuis le Moyen-Orient (Yemen) avec d'autres peuples comme les Babur, Jukun, Bolewa, Tula, Waja, Tangale, Kanakuru et Kare-Kare","Situated account, myth, alternative hypothesis, source note or non-author use of according to; attribution is not removed."
C18,retained,dataset/source/afrik/peuples/FLG_TUU/PPL_WEST_TAA.json,63,/content/languages/vehicularRole,". Selon le projet DoBeS, ce dialecte est distinct du East ","A named author, provider or scholarly authority leads the explanation; preserve attribution and limits after restructuring."
,excluded,dataset/translations/en/patronymes/PAT_SANGARE.json,56,/origin/writtenChronicles/1/claim,". According to this same account, Sangaré ranks, along with Diallo, Sidibé and Diakité, among the four emblematic Fulani family names of Wassoulou, and Mandinka lineages are said to have in turn adopted these Fulani names through contact with their neighbours or their former masters","Situated account, myth, alternative hypothesis, source note or non-author use of according to; attribution is not removed."
