id,title,version,url,characters
207093761,"DEC-066 — Family, visual profile and format are three choices; angle, edition and occurrence reuse the production record",2,https://big-emotion.atlassian.net/wiki/spaces/ETHNIAFRIC/pages/207093761/DEC-066+Family+visual+profile+and+format+are+three+choices+angle+edition+and+occurrence+reuse+the+production+record,1644
207060993,REQ-187 — Publication is a property of an occurrence; a ready edition may have no date,2,https://big-emotion.atlassian.net/wiki/spaces/ETHNIAFRIC/pages/207060993/REQ-187+Publication+is+a+property+of+an+occurrence+a+ready+edition+may+have+no+date,1646
207028226,ARCH-027 — The editorial contract module,2,https://big-emotion.atlassian.net/wiki/spaces/ETHNIAFRIC/pages/207028226/ARCH-027+The+editorial+contract+module,1025
206995458,REQ-186 — A social edition declares one of six narrative families and is reviewed on the claims and media it carries,2,https://big-emotion.atlassian.net/wiki/spaces/ETHNIAFRIC/pages/206995458/REQ-186+A+social+edition+declares+one+of+six+narrative+families+and+is+reviewed+on+the+claims+and+media+it+carries,1905
204832769,"ARCH-026 — Unified production catalog: one record, many playback surfaces",2,https://big-emotion.atlassian.net/wiki/spaces/ETHNIAFRIC/pages/204832769/ARCH-026+Unified+production+catalog+one+record+many+playback+surfaces,1821
204767234,"DEC-065 — Production associations traverse one documented relation per direction, never a transitive graph",2,https://big-emotion.atlassian.net/wiki/spaces/ETHNIAFRIC/pages/204767234/DEC-065+Production+associations+traverse+one+documented+relation+per+direction+never+a+transitive+graph,2299
204701719,"REQ-185 — A carousel's soundtrack plays one at a time, by explicit action, and stops cleanly",2,https://big-emotion.atlassian.net/wiki/spaces/ETHNIAFRIC/pages/204701719/REQ-185+A+carousel+s+soundtrack+plays+one+at+a+time+by+explicit+action+and+stops+cleanly,2035
204701697,DEC-062 — A people's own name is listed first; ordering is not crowning,1,https://big-emotion.atlassian.net/wiki/spaces/ETHNIAFRIC/pages/204701697/DEC-062+A+people+s+own+name+is+listed+first+ordering+is+not+crowning,3034
204669020,ARCH-025 — Cross-entity production association resolver,2,https://big-emotion.atlassian.net/wiki/spaces/ETHNIAFRIC/pages/204669020/ARCH-025+Cross-entity+production+association+resolver,2159
204668998,DEC-064 — TikTok's carousel embed measures as heavy as its video embed; DEC-059's self-hosted default stands for carousels too,6,https://big-emotion.atlassian.net/wiki/spaces/ETHNIAFRIC/pages/204668998/DEC-064+TikTok+s+carousel+embed+measures+as+heavy+as+its+video+embed+DEC-059+s+self-hosted+default+stands+for+carousels+too,4913
204668976,REQ-184 — One production catalog record spans every platform link and preferred playback surface,2,https://big-emotion.atlassian.net/wiki/spaces/ETHNIAFRIC/pages/204668976/REQ-184+One+production+catalog+record+spans+every+platform+link+and+preferred+playback+surface,1870
204668953,"REQ-183 — A production surfaces through its subject's documented associations, direct or contextual",2,https://big-emotion.atlassian.net/wiki/spaces/ETHNIAFRIC/pages/204668953/REQ-183+A+production+surfaces+through+its+subject+s+documented+associations+direct+or+contextual,2628
204668929,"DEC-061 — The project is never called an ""atlas"" in a text a reader sees",1,https://big-emotion.atlassian.net/wiki/spaces/ETHNIAFRIC/pages/204668929/DEC-061+The+project+is+never+called+an+atlas+in+a+text+a+reader+sees,3012
204603394,"DEC-063 — The site describes itself by its promise, not by its classes",1,https://big-emotion.atlassian.net/wiki/spaces/ETHNIAFRIC/pages/204603394/DEC-063+The+site+describes+itself+by+its+promise+not+by+its+classes,2606
203718657,"DEC-059 — In-place playback is YouTube only, via youtube-nocookie.com, behind a click-to-load facade",4,https://big-emotion.atlassian.net/wiki/spaces/ETHNIAFRIC/pages/203718657/DEC-059+In-place+playback+is+YouTube+only+via+youtube-nocookie.com+behind+a+click-to-load+facade,4719
203685889,"REQ-182 — The legal pages name every processor that handles a reader's personal data, and none that is not active",2,https://big-emotion.atlassian.net/wiki/spaces/ETHNIAFRIC/pages/203685889/REQ-182+The+legal+pages+name+every+processor+that+handles+a+reader+s+personal+data+and+none+that+is+not+active,2093
203653121,"REQ-181 — Playing a third-party production on the site rests on an explicit, revocable choice, absent by default",2,https://big-emotion.atlassian.net/wiki/spaces/ETHNIAFRIC/pages/203653121/REQ-181+Playing+a+third-party+production+on+the+site+rests+on+an+explicit+revocable+choice+absent+by+default,2450
203620354,"DEC-060 — The host's identity is read at run time from LEGAL_HOST_NAME and LEGAL_HOST_ADDRESS, never committed",2,https://big-emotion.atlassian.net/wiki/spaces/ETHNIAFRIC/pages/203620354/DEC-060+The+host+s+identity+is+read+at+run+time+from+LEGAL_HOST_NAME+and+LEGAL_HOST_ADDRESS+never+committed,1782
203227138,REQ-180 — The approved search-result feed is an executable responsive acceptance contract,2,https://big-emotion.atlassian.net/wiki/spaces/ETHNIAFRIC/pages/203227138/REQ-180+The+approved+search-result+feed+is+an+executable+responsive+acceptance+contract,3013
203194370,"DEC-058 — Search-feed parity uses separate visual, structural and data authorities",2,https://big-emotion.atlassian.net/wiki/spaces/ETHNIAFRIC/pages/203194370/DEC-058+Search-feed+parity+uses+separate+visual+structural+and+data+authorities,3466
202407937,ARCH-024 — One naming projection across five storage shapes,2,https://big-emotion.atlassian.net/wiki/spaces/ETHNIAFRIC/pages/202407937/ARCH-024+One+naming+projection+across+five+storage+shapes,4294
202211350,"REQ-177 — The site answers one question, and says so on every surface that names it",2,https://big-emotion.atlassian.net/wiki/spaces/ETHNIAFRIC/pages/202211350/REQ-177+The+site+answers+one+question+and+says+so+on+every+surface+that+names+it,3257
202113048,"REQ-178 — A result page answers with every name it holds, and crowns none",2,https://big-emotion.atlassian.net/wiki/spaces/ETHNIAFRIC/pages/202113048/REQ-178+A+result+page+answers+with+every+name+it+holds+and+crowns+none,4426
202113025,ARCH-023 — Recette's persistent database topology,2,https://big-emotion.atlassian.net/wiki/spaces/ETHNIAFRIC/pages/202113025/ARCH-023+Recette+s+persistent+database+topology,1607
202080280,"REQ-179 — A fiche declares the names it is known by, and an empty list is an answer",2,https://big-emotion.atlassian.net/wiki/spaces/ETHNIAFRIC/pages/202080280/REQ-179+A+fiche+declares+the+names+it+is+known+by+and+an+empty+list+is+an+answer,3317
202080257,"DEC-056 — Recette's Supabase is self-hosted on the Gravelines VPS, alongside production's stack",2,https://big-emotion.atlassian.net/wiki/spaces/ETHNIAFRIC/pages/202080257/DEC-056+Recette+s+Supabase+is+self-hosted+on+the+Gravelines+VPS+alongside+production+s+stack,4754
202047513,DEC-057 — No appellation is crowned: the dominant answer retires,2,https://big-emotion.atlassian.net/wiki/spaces/ETHNIAFRIC/pages/202047513/DEC-057+No+appellation+is+crowned+the+dominant+answer+retires,4570
202047490,REQ-176 — Recette's environment does not depend on a third-party hosted database's quota or billing state,2,https://big-emotion.atlassian.net/wiki/spaces/ETHNIAFRIC/pages/202047490/REQ-176+Recette+s+environment+does+not+depend+on+a+third-party+hosted+database+s+quota+or+billing+state,1924
200343553,"Requirements — Publish and label: sources that inform, never refuse (REQ-169 → REQ-175)",2,https://big-emotion.atlassian.net/wiki/spaces/ETHNIAFRIC/pages/200343553/Requirements+Publish+and+label+sources+that+inform+never+refuse+REQ-169+REQ-175,10943
200310786,"DEC-055 — Publish and label: a source's standing is shown, never a reason to refuse",2,https://big-emotion.atlassian.net/wiki/spaces/ETHNIAFRIC/pages/200310786/DEC-055+Publish+and+label+a+source+s+standing+is+shown+never+a+reason+to+refuse,8201
200081409,DEC-054 — Database-reading pull-request checks run against an ephemeral Supabase seeded from the pull request,4,https://big-emotion.atlassian.net/wiki/spaces/ETHNIAFRIC/pages/200081409/DEC-054+Database-reading+pull-request+checks+run+against+an+ephemeral+Supabase+seeded+from+the+pull+request,4489
200048641,"REQ-168 — A required pull-request check reads data created for its own run, never a shared hosted database",2,https://big-emotion.atlassian.net/wiki/spaces/ETHNIAFRIC/pages/200048641/REQ-168+A+required+pull-request+check+reads+data+created+for+its+own+run+never+a+shared+hosted+database,2480
199786497,"DEC-053 — Generated images enter Découvertes as declared fiction: stylised, marked, and provenance-separated",2,https://big-emotion.atlassian.net/wiki/spaces/ETHNIAFRIC/pages/199786497/DEC-053+Generated+images+enter+D+couvertes+as+declared+fiction+stylised+marked+and+provenance-separated,5519
199327746,DEC-051 — Découvertes uses a curated server resolver and one client reader,2,https://big-emotion.atlassian.net/wiki/spaces/ETHNIAFRIC/pages/199327746/DEC-051+D+couvertes+uses+a+curated+server+resolver+and+one+client+reader,3139
199163928,"DEC-052 — Oral tradition and the EthniAfrica synthesis may qualify a people name, weighted and never blocked",2,https://big-emotion.atlassian.net/wiki/spaces/ETHNIAFRIC/pages/199163928/DEC-052+Oral+tradition+and+the+EthniAfrica+synthesis+may+qualify+a+people+name+weighted+and+never+blocked,5915
199131162,Requirements — Generated imagery in Découvertes (REQ-164 → REQ-167),2,https://big-emotion.atlassian.net/wiki/spaces/ETHNIAFRIC/pages/199131162/Requirements+Generated+imagery+in+D+couvertes+REQ-164+REQ-167,8518
199131139,ARCH-022 — Oral provenance in the source fabric,2,https://big-emotion.atlassian.net/wiki/spaces/ETHNIAFRIC/pages/199131139/ARCH-022+Oral+provenance+in+the+source+fabric,4423
198836243,Requirements — Oral tradition and the EthniAfrica synthesis as people-name provenance (REQ-161 → REQ-163),2,https://big-emotion.atlassian.net/wiki/spaces/ETHNIAFRIC/pages/198836243/Requirements+Oral+tradition+and+the+EthniAfrica+synthesis+as+people-name+provenance+REQ-161+REQ-163,9897
198737921,ARCH-021 — Cross-record derivation layer,2,https://big-emotion.atlassian.net/wiki/spaces/ETHNIAFRIC/pages/198737921/ARCH-021+Cross-record+derivation+layer,5297
198705153,"DEC-047 → DEC-048 — Deriving from a neighbouring record, and what a closed tile owes the reader",2,https://big-emotion.atlassian.net/wiki/spaces/ETHNIAFRIC/pages/198705153/DEC-047+DEC-048+Deriving+from+a+neighbouring+record+and+what+a+closed+tile+owes+the+reader,7235
198672385,"Requirements — The fiche template: counted summary, deployable tiles, chapter order (REQ-151 → REQ-155)",3,https://big-emotion.atlassian.net/wiki/spaces/ETHNIAFRIC/pages/198672385/Requirements+The+fiche+template+counted+summary+deployable+tiles+chapter+order+REQ-151+REQ-155,10763
196935681,"REQ-147 — A name fiche is published with its standing visible, and offered to crawlers only when sourced",3,https://big-emotion.atlassian.net/wiki/spaces/ETHNIAFRIC/pages/196935681/REQ-147+A+name+fiche+is+published+with+its+standing+visible+and+offered+to+crawlers+only+when+sourced,3484
196739074,"DEC-050 — A name's standing is its best source tier, and only a sourced name is offered to crawlers",3,https://big-emotion.atlassian.net/wiki/spaces/ETHNIAFRIC/pages/196739074/DEC-050+A+name+s+standing+is+its+best+source+tier+and+only+a+sourced+name+is+offered+to+crawlers,5731
195919873,"DEC-046 — UUID path and body parameters are validated against RFC 9562, as the OpenAPI spec always promised",1,https://big-emotion.atlassian.net/wiki/spaces/ETHNIAFRIC/pages/195919873/DEC-046+UUID+path+and+body+parameters+are+validated+against+RFC+9562+as+the+OpenAPI+spec+always+promised,6037
195690497,"DEC-049 — English URLs carry English slugs, and the redirect tables are per-locale",1,https://big-emotion.atlassian.net/wiki/spaces/ETHNIAFRIC/pages/195690497/DEC-049+English+URLs+carry+English+slugs+and+the+redirect+tables+are+per-locale,2985
195526657,ARCH-021 — The bilingual contract,2,https://big-emotion.atlassian.net/wiki/spaces/ETHNIAFRIC/pages/195526657/ARCH-021+The+bilingual+contract,7104
195493889,Decisions — The second locale and how content is translated (DEC-046 → DEC-048),2,https://big-emotion.atlassian.net/wiki/spaces/ETHNIAFRIC/pages/195493889/Decisions+The+second+locale+and+how+content+is+translated+DEC-046+DEC-048,9677
195461121,Requirements — Bilingual publication and translation parity (REQ-140 → REQ-146),3,https://big-emotion.atlassian.net/wiki/spaces/ETHNIAFRIC/pages/195461121/Requirements+Bilingual+publication+and+translation+parity+REQ-140+REQ-146,7502
194773031,"Decisions — The atlas engine, the editorial pipeline and search as the entry point (DEC-021 → DEC-026)",3,https://big-emotion.atlassian.net/wiki/spaces/ETHNIAFRIC/pages/194773031/Decisions+The+atlas+engine+the+editorial+pipeline+and+search+as+the+entry+point+DEC-021+DEC-026,20020
194773003,"Decisions — Foundations: provenance, sources, authorization and infrastructure (DEC-001 → DEC-013)",1,https://big-emotion.atlassian.net/wiki/spaces/ETHNIAFRIC/pages/194773003/Decisions+Foundations+provenance+sources+authorization+and+infrastructure+DEC-001+DEC-013,12851
194707457,Requirements — Navigation naming and URL alignment (REQ-138),2,https://big-emotion.atlassian.net/wiki/spaces/ETHNIAFRIC/pages/194707457/Requirements+Navigation+naming+and+URL+alignment+REQ-138,3026
194641922,"Decisions — What the corpus admits, and how it is searched (DEC-027 → DEC-037)",1,https://big-emotion.atlassian.net/wiki/spaces/ETHNIAFRIC/pages/194641922/Decisions+What+the+corpus+admits+and+how+it+is+searched+DEC-027+DEC-037,17985
194576386,"DEC-045 — Access-mode labels move to a nominal register; identifiers, labels and URL segments are aligned",2,https://big-emotion.atlassian.net/wiki/spaces/ETHNIAFRIC/pages/194576386/DEC-045+Access-mode+labels+move+to+a+nominal+register+identifiers+labels+and+URL+segments+are+aligned,8677
194510851,Decisions — The design charter and the home (DEC-014 → DEC-020),1,https://big-emotion.atlassian.net/wiki/spaces/ETHNIAFRIC/pages/194510851/Decisions+The+design+charter+and+the+home+DEC-014+DEC-020,15012
194412556,"Decisions — The name, the language and the navigation (DEC-038 → DEC-044)",1,https://big-emotion.atlassian.net/wiki/spaces/ETHNIAFRIC/pages/194412556/Decisions+The+name+the+language+and+the+navigation+DEC-038+DEC-044,22426
191627266,Requirements — The Jouer hub (REQ-120),3,https://big-emotion.atlassian.net/wiki/spaces/ETHNIAFRIC/pages/191627266/Requirements+The+Jouer+hub+REQ-120,4497
190840859,"Requirements — Availability, honest states and the home contract (REQ-106 → REQ-115, REQ-125, REQ-132)",16,https://big-emotion.atlassian.net/wiki/spaces/ETHNIAFRIC/pages/190840859/Requirements+Availability+honest+states+and+the+home+contract+REQ-106+REQ-115+REQ-125+REQ-132,21237
190840834,"Requirements — Structured sources and community voices (REQ-092 → REQ-096, REQ-126, REQ-128)",6,https://big-emotion.atlassian.net/wiki/spaces/ETHNIAFRIC/pages/190840834/Requirements+Structured+sources+and+community+voices+REQ-092+REQ-096+REQ-126+REQ-128,13415
190808065,"Requirements — Observability, engineering quality and compliance (REQ-079 → REQ-091)",1,https://big-emotion.atlassian.net/wiki/spaces/ETHNIAFRIC/pages/190808065/Requirements+Observability+engineering+quality+and+compliance+REQ-079+REQ-091,8971
190775297,"Requirements — Operations, reliability and API stability (REQ-070 → REQ-078)",1,https://big-emotion.atlassian.net/wiki/spaces/ETHNIAFRIC/pages/190775297/Requirements+Operations+reliability+and+API+stability+REQ-070+REQ-078,5258
190742529,Requirements — Accessibility (REQ-064 → REQ-069),1,https://big-emotion.atlassian.net/wiki/spaces/ETHNIAFRIC/pages/190742529/Requirements+Accessibility+REQ-064+REQ-069,3638
190709762,"Requirements — Runtime qualities: performance, security, scalability (REQ-047 → REQ-063)",1,https://big-emotion.atlassian.net/wiki/spaces/ETHNIAFRIC/pages/190709762/Requirements+Runtime+qualities+performance+security+scalability+REQ-047+REQ-063,10651
190676993,"Requirements — Accounts, identity and consent (REQ-039 → REQ-046)",1,https://big-emotion.atlassian.net/wiki/spaces/ETHNIAFRIC/pages/190676993/Requirements+Accounts+identity+and+consent+REQ-039+REQ-046,4987
190644225,Requirements — Public API (REQ-033 → REQ-038),1,https://big-emotion.atlassian.net/wiki/spaces/ETHNIAFRIC/pages/190644225/Requirements+Public+API+REQ-033+REQ-038,3984
190611457,"Requirements — Data integrity and validation (REQ-026 → REQ-032, REQ-121 → REQ-123, REQ-127, REQ-130, REQ-131)",10,https://big-emotion.atlassian.net/wiki/spaces/ETHNIAFRIC/pages/190611457/Requirements+Data+integrity+and+validation+REQ-026+REQ-032+REQ-121+REQ-123+REQ-127+REQ-130+REQ-131,15863
190578690,"Requirements — Contributions, moderation and editorial doctrine (REQ-012 → REQ-025)",1,https://big-emotion.atlassian.net/wiki/spaces/ETHNIAFRIC/pages/190578690/Requirements+Contributions+moderation+and+editorial+doctrine+REQ-012+REQ-025,8202
190545944,"Requirements — Design system, route families and the atlas surface (REQ-097 → REQ-105, REQ-116 → REQ-119, REQ-124, REQ-129)",14,https://big-emotion.atlassian.net/wiki/spaces/ETHNIAFRIC/pages/190545944/Requirements+Design+system+route+families+and+the+atlas+surface+REQ-097+REQ-105+REQ-116+REQ-119+REQ-124+REQ-129,24112
190545921,"Requirements — Reading, discovery and source transparency (REQ-001 → REQ-011)",5,https://big-emotion.atlassian.net/wiki/spaces/ETHNIAFRIC/pages/190545921/Requirements+Reading+discovery+and+source+transparency+REQ-001+REQ-011,15147
178388993,Decisions (DEC-NNN),31,https://big-emotion.atlassian.net/wiki/spaces/ETHNIAFRIC/pages/178388993/Decisions+DEC-NNN,8018
178356246,Obsolete,3,https://big-emotion.atlassian.net/wiki/spaces/ETHNIAFRIC/pages/178356246/Obsolete,1924
178356225,Requirements,12,https://big-emotion.atlassian.net/wiki/spaces/ETHNIAFRIC/pages/178356225/Requirements,9584
178323458,EthniAfrica — Engineering,2,https://big-emotion.atlassian.net/wiki/spaces/ETHNIAFRIC/pages/178323458/EthniAfrica+Engineering,733
177963033,Architecture,21,https://big-emotion.atlassian.net/wiki/spaces/ETHNIAFRIC/pages/177963033/Architecture,33336
174948648,ETHNIAFRICA,1,https://big-emotion.atlassian.net/wiki/spaces/ETHNIAFRIC/overview,426
