finding,decision,path,line,pointer,text,reason
,excluded,dataset/source/afrik/famille_linguistique/FLG_BANTU.json,80,content/historyAndOrigins/diffusion," Routes migratoires : Route occidentale (Cameroun, Gabon, Congo, Angola), Route centrale (Cameroun, RDC bassin du Congo, Zambie), Route orientale (Cameroun, RDC Grands Lacs, Ouganda, Kenya, Tanzanie, Mozambique), Route australe (Zambie, Zimbabwe, Afrique du Sud, Namibie, Botswana). Expansion en vagues : Vague 1 (3000-2000 av. J.-C.) : Expansion vers le bassin du Congo. Vague 2 (2000-1000 av. J.-C.) : Expansion vers les Grands Lacs. Vague 3 (1000 av. J.-C. - 500 apr. J.-C.) : Expansion vers l'Afrique orientale et australe.","Structural key/path or historical migration wave, not reader-facing maintenance prose."
C23,retained,dataset/source/afrik/famille_linguistique/FLG_BENOUECONGO.json,41,content/associatedPeoples/0/name,"Yoruba (PPL_YORUBA) - Nigeria, Bénin, Togo",Internal identifier or workshop/maintenance wording in a prose field; route exposure is not certified.
C23,retained,dataset/source/afrik/famille_linguistique/FLG_BENOUECONGO.json,45,content/associatedPeoples/1/name,Igbo (PPL_IGBO) - Nigeria,Internal identifier or workshop/maintenance wording in a prose field; route exposure is not certified.
C23,retained,dataset/source/afrik/famille_linguistique/FLG_BENOUECONGO.json,49,content/associatedPeoples/2/name,Edo / Bini (PPL_EDO) - Nigeria,Internal identifier or workshop/maintenance wording in a prose field; route exposure is not certified.
C23,retained,dataset/source/afrik/famille_linguistique/FLG_BENOUECONGO.json,53,content/associatedPeoples/3/name,"Tiv (PPL_TIV) - Nigeria, Cameroun",Internal identifier or workshop/maintenance wording in a prose field; route exposure is not certified.
C23,retained,dataset/source/afrik/famille_linguistique/FLG_BENOUECONGO.json,57,content/associatedPeoples/4/name,Efik/Ibibio (PPL_EFIK) - Nigeria,Internal identifier or workshop/maintenance wording in a prose field; route exposure is not certified.
C23,retained,dataset/source/afrik/famille_linguistique/FLG_BENOUECONGO.json,61,content/associatedPeoples/5/name,"Swahili (PPL_SWAHILI) - Tanzanie, Kenya, Ouganda, RDC",Internal identifier or workshop/maintenance wording in a prose field; route exposure is not certified.
C23,retained,dataset/source/afrik/famille_linguistique/FLG_BENOUECONGO.json,65,content/associatedPeoples/6/name,"Lingala (PPL_LINGALA) - RDC, Congo-Brazzaville",Internal identifier or workshop/maintenance wording in a prose field; route exposure is not certified.
C23,retained,dataset/source/afrik/famille_linguistique/FLG_BENOUECONGO.json,69,content/associatedPeoples/7/name,"Kikongo (PPL_KIKONGO) - RDC, Angola, Congo-Brazzaville",Internal identifier or workshop/maintenance wording in a prose field; route exposure is not certified.
C23,retained,dataset/source/afrik/famille_linguistique/FLG_BENOUECONGO.json,73,content/associatedPeoples/8/name,Zoulou (PPL_ZULU) - Afrique du Sud,Internal identifier or workshop/maintenance wording in a prose field; route exposure is not certified.
C23,retained,dataset/source/afrik/famille_linguistique/FLG_BENOUECONGO.json,77,content/associatedPeoples/9/name,Xhosa (PPL_XHOSA) - Afrique du Sud,Internal identifier or workshop/maintenance wording in a prose field; route exposure is not certified.
C23,retained,dataset/source/afrik/famille_linguistique/FLG_CREOLE.json,41,content/associatedPeoples/2/name,"Mauriciens / Seychellois (PPL_MAURICIEN, PPL_SEYCHELLOIS)",Internal identifier or workshop/maintenance wording in a prose field; route exposure is not certified.
C23,retained,dataset/source/afrik/famille_linguistique/FLG_KHOISAN.json,8,content/decolonialHeader/whyProblematic," **1. Contexte eugéniste et colonial :** Leonhard Schultze appartenait au même courant de pensée anthropologique qu'Eugen Fischer (1874-1967), anthropologue allemand dont les travaux sur les populations mixtes de Namibie (notamment *Die Rehobother Bastards und das Bastardierungsproblem beim Menschen*, 1913) ont directement influencé Adolf Hitler dans la rédaction des lois de Nuremberg (1935). Le terme « Khoisan » a donc été créé dans un contexte scientifique européen colonial qui cherchait à classer et hiérarchiser les populations selon des critères raciaux. **2. Catégorisation non génétique :** Le terme « Khoisan » n'est **pas une famille linguistique génétique** : c'est un regroupement typologique basé uniquement sur la présence de consonnes à clics. Les linguistes modernes (notamment Rainer Vossen, Tom Güldemann, Anthony Traill) ont démontré que les langues regroupées sous cette étiquette appartiennent en réalité à trois familles linguistiques distinctes sans parenté génétique prouvée : **Khoe-Kwadi**, **Kx'a** (ou Ju-ǂHoan), et **Tuu** (ou ǃUi-Taa). **3. Homogénéisation problématique :** Le terme regroupe artificiellement des peuples aux cultures, modes de vie et langues distincts (pasteurs Khoekhoe vs chasseurs-cueilleurs San), effaçant leurs spécificités et leurs identités propres. **4. Termes péjoratifs associés :** Plusieurs termes associés — notamment **« Hottentot »** (terme néerlandais utilisé dès le XVIIe siècle, probablement d'origine onomatopéique moqueuse, se référant à leur langue) et **« Bushmen »** — ont été utilisés de manière péjorative, raciste ou exotisante par les colons européens, justifiant des discriminations, spoliations de terres, et même des génocides (génocide des Herero et Nama par les Allemands, 1904-1908). **5. Défenseurs de l'africanité et critiques modernes :** François-Xavier Fauvelle (*L'invention du Hottentot*, 2018) a analysé comment les Européens ont construit des représentations stéréotypées des Khoisan. Des chercheurs africains et des activistes autochtones (comme ceux regroupés dans l'Organisation des premiers peuples Khoisan d'Afrique du Sud) contestent ces catégorisations imposées et revendiquent leurs auto-appellations. **6. Preuves génétiques modernes :** Les études génétiques contemporaines (Carina Schlebusch, 2017 ; Pontus Skoglund, 2017 ; Mark Stoneking) démontrent que les populations San possèdent la plus grande diversité génétique au monde et représentent l'une des plus anciennes lignées humaines, avec une séparation estimée à 260 000-350 000 ans. Ces travaux confirment leur importance dans l'histoire humaine et invalident les catégorisations raciales coloniales. → Afrik utilise **Khoïsan uniquement comme macro-étiquette technique** pour désigner l'aire linguistique à clics d'Afrique australe, tout en reconnaissant que ce sont des familles linguistiques distinctes : **Khoe-Kwadi** (FLG_KHOE), **Kx'a** (FLG_KXA), **Tuu** (FLG_TUU).",Internal identifier or workshop/maintenance wording in a prose field; route exposure is not certified.
C23,retained,dataset/source/afrik/famille_linguistique/FLG_KWA.json,8,content/decolonialHeader/linkWithFamily,"Sous-branche du Volta-Congo, au sein de FLG_NIGERCONGO, sœur de FLG_BENOUECONGO issue du même découpage de l'ancien « Kwa » de Greenberg",Internal identifier or workshop/maintenance wording in a prose field; route exposure is not certified.
C23,retained,dataset/source/afrik/famille_linguistique/FLG_KWA.json,14,content/decolonialHeader/whyProblematic,"Le nom vient d'un linguiste européen qui a réutilisé un mot désignant « les gens » dans certaines des langues concernées pour nommer, de l'extérieur, un regroupement qu'aucune de ces communautés ne revendique pour elle-même. Le tracé du regroupement a de plus varié trois fois en un demi-siècle (Westermann 1927, Greenberg 1963, Bennett & Sterk 1977) selon les critères retenus par chaque auteur, et Jeff Good documente dans son chapitre de synthèse (2020, voir sources) que la frontière entre Kwa et Bénoué-Congo reste débattue : certains traits qui séparent les deux branches se recoupent partiellement, et aucune reconstruction du proto-Kwa aussi robuste que le proto-bantou n'a stabilisé la question. Aucun peuple ne se désigne par ce nom ; chaque peuple parlant une langue kwa a sa propre auto-appellation, documentée fiche par fiche (PPL_AKAN, PPL_EWE, PPL_GA, PPL_FON…).",Internal identifier or workshop/maintenance wording in a prose field; route exposure is not certified.
C23,retained,dataset/source/afrik/famille_linguistique/FLG_KWA.json,35,content/associatedPeoples/0/name,"Akan (PPL_AKAN) — Ghana, Côte d'Ivoire",Internal identifier or workshop/maintenance wording in a prose field; route exposure is not certified.
C23,retained,dataset/source/afrik/famille_linguistique/FLG_KWA.json,39,content/associatedPeoples/1/name,Baoulé (PPL_BAOULE) — Côte d'Ivoire,Internal identifier or workshop/maintenance wording in a prose field; route exposure is not certified.
C23,retained,dataset/source/afrik/famille_linguistique/FLG_KWA.json,43,content/associatedPeoples/2/name,"Anyi (PPL_ANYI) — Côte d'Ivoire, Ghana",Internal identifier or workshop/maintenance wording in a prose field; route exposure is not certified.
C23,retained,dataset/source/afrik/famille_linguistique/FLG_KWA.json,47,content/associatedPeoples/3/name,"Nzema (PPL_NZEMA) — Ghana, Côte d'Ivoire",Internal identifier or workshop/maintenance wording in a prose field; route exposure is not certified.
C23,retained,dataset/source/afrik/famille_linguistique/FLG_KWA.json,50,content/associatedPeoples/4/name,Ga (PPL_GA) — Ghana,Internal identifier or workshop/maintenance wording in a prose field; route exposure is not certified.
C23,retained,dataset/source/afrik/famille_linguistique/FLG_KWA.json,51,content/associatedPeoples/5/name,"Ewe (PPL_EWE) — Ghana, Togo, Bénin",Internal identifier or workshop/maintenance wording in a prose field; route exposure is not certified.
C23,retained,dataset/source/afrik/famille_linguistique/FLG_KWA.json,52,content/associatedPeoples/6/name,"Fon (PPL_FON) — Bénin, Togo",Internal identifier or workshop/maintenance wording in a prose field; route exposure is not certified.
C23,retained,dataset/source/afrik/famille_linguistique/FLG_KWA.json,53,content/associatedPeoples/7/name,"Adja (PPL_ADJA) — Bénin, Togo",Internal identifier or workshop/maintenance wording in a prose field; route exposure is not certified.
C23,retained,dataset/source/afrik/famille_linguistique/FLG_TUU.json,31,content/associatedPeoples/0/name,"ǃXóõ (Taa) (PPL_TAA) – Botswana, Namibie",Internal identifier or workshop/maintenance wording in a prose field; route exposure is not certified.
,excluded,dataset/source/afrik/patronymes/PAT_ADAM.json,122,gaps/3/fieldPath,peoples.PPL_CREOLE_SEYCHELLES,"Structural key/path or historical migration wave, not reader-facing maintenance prose."
,excluded,dataset/source/afrik/patronymes/PAT_GHEBREMICHAEL_PATRONYMIC.json,35,sources/1/sourceKey,cultural-atlas-ethiopian-naming,"Structural key/path or historical migration wave, not reader-facing maintenance prose."
,excluded,dataset/source/afrik/patronymes/PAT_HAILE_PATRONYMIC.json,35,sources/1/sourceKey,cultural-atlas-ethiopian-naming,"Structural key/path or historical migration wave, not reader-facing maintenance prose."
,excluded,dataset/source/afrik/patronymes/PAT_KEBREAB_PATRONYMIC.json,35,sources/1/sourceKey,cultural-atlas-ethiopian-naming,"Structural key/path or historical migration wave, not reader-facing maintenance prose."
,excluded,dataset/source/afrik/patronymes/PAT_KIMANI.json,16,sources/0/sourceKey,cultural-atlas-kimani,"Structural key/path or historical migration wave, not reader-facing maintenance prose."
,excluded,dataset/source/afrik/patronymes/PAT_NYANDENG.json,31,sources/1/sourceKey,cultural-atlas-south-sudan-naming,"Structural key/path or historical migration wave, not reader-facing maintenance prose."
C23,retained,dataset/source/afrik/patronymes/PAT_OPIO.json,27,origin/writtenChronicles/0/claim,"Opio est documenté dans le système lango comme le nom masculin du premier jumeau ; Apio est la forme féminine correspondante. La graphie Opiyo figurait dans la fiche vague 1, mais la source lango consultée ne l’atteste pas et elle est retirée plutôt que reportée sans preuve.",Internal identifier or workshop/maintenance wording in a prose field; route exposure is not certified.
,excluded,dataset/source/afrik/patronymes/PAT_WOLDE_MARIAM_PATRONYMIC.json,35,sources/1/sourceKey,cultural-atlas-ethiopian-naming,"Structural key/path or historical migration wave, not reader-facing maintenance prose."
C23,retained,dataset/source/afrik/peuples/FLG_ATLANTIQUE/PPL_KURANKO.json,26,content/appellations/ethnoLinguisticGroup,"Mande (branche mandingue), classe sous FLG_ATLANTIQUE dans ce jeu de donnees",Internal identifier or workshop/maintenance wording in a prose field; route exposure is not certified.
C23,retained,dataset/source/afrik/peuples/FLG_BANTU/PPL_GBAYA.json,18,content/appellations/whyProblematic,"Le terme Gbaya designe un ensemble de groupes linguistiquement et culturellement apparentes mais non completement homogenes. La famille linguistique Gbaya-Manza-Ngbaka appartient aux langues oubanguiennes (Niger-Congo), ce qui remet en question leur classification dans FLG_BANTU au sens strict. Certains linguistes les classent parmi les langues adamawa-oubanguiennes.",Internal identifier or workshop/maintenance wording in a prose field; route exposure is not certified.
C23,retained,dataset/source/afrik/peuples/FLG_BANTU/PPL_PYGMEES_AUTOCHTONES.json,22,content/appellations/linguisticFamily,"FLG_BANTU (langues baka et bagyeli), avec influences de langues du bassin du Congo",Internal identifier or workshop/maintenance wording in a prose field; route exposure is not certified.
C23,retained,dataset/source/afrik/peuples/FLG_KWA/PPL_TUTRUGBU.json,13,content/appellations/whyProblematic,"Ce fichier pourrait etre considere comme doublon de PPL_NYANGBO, les deux entrees referant au meme peuple (Tutrugbu = nom propre, Nyangbo = nom officiel ISO). Il est recommande de fusionner les deux fiches ou d'en faire l'une une reference vers l'autre. L'ISO 639-3 nyb est attribue a la langue Nyangbo, qui correspond a la meme communaute que les Tutrugbu.",Internal identifier or workshop/maintenance wording in a prose field; route exposure is not certified.
C23,retained,dataset/source/afrik/peuples/FLG_KXA/PPL_KUNG.json,33,content/ethnicities/2,"Ju|'hoansi (NAM sud-est, BWA) — variete meridionale, la mieux documentee academiquement (voir PPL_JUHOANSI)",Internal identifier or workshop/maintenance wording in a prose field; route exposure is not certified.
C23,retained,dataset/source/afrik/peuples/FLG_KXA/PPL_KXA_MACRO.json,26,content/ethnicities/0,"Ju|'hoansi (branche Ju, variete sud-orientale — voir PPL_JUHOANSI)",Internal identifier or workshop/maintenance wording in a prose field; route exposure is not certified.
C23,retained,dataset/source/afrik/peuples/FLG_KXA/PPL_KXA_MACRO.json,27,content/ethnicities/1,"!Kung / !Xun (branche Ju, varietes septentrionales et centrales — voir PPL_KUNG)",Internal identifier or workshop/maintenance wording in a prose field; route exposure is not certified.
C23,retained,dataset/source/afrik/peuples/FLG_KXA/PPL_KXA_MACRO.json,29,content/ethnicities/3,"ǂHoan / ǂ'Amkoe (branche ǂ'Amkoe, Botswana central — voir PPL_HOA)",Internal identifier or workshop/maintenance wording in a prose field; route exposure is not certified.
C23,retained,dataset/source/afrik/peuples/FLG_KXA/PPL_KXA_MACRO.json,30,content/ethnicities/4,Bugakwe / Bugakhoe (groupe aparente historiquement associe au Kalahari septentrional — voir PPL_BUGAKWE),Internal identifier or workshop/maintenance wording in a prose field; route exposure is not certified.
C23,retained,dataset/source/afrik/peuples/FLG_MANDE/PPL_MANO.json,22,content/appellations/whyProblematic,"Les Mano sont souvent confondus avec les Dan/Gio, leurs voisins tres proches linguistiquement et culturellement. Les deux peuples partagent le comte de Nimba (Liberia) et sont parfois regroupes sous l'appellation Mano-Dan ou Yacouba. Voir aussi PPL_GIO/PPL_DAN si existant dans la base.",Internal identifier or workshop/maintenance wording in a prose field; route exposure is not certified.
C23,retained,dataset/source/afrik/peuples/FLG_MANDE/PPL_TOMA_LOMA.json,26,content/appellations/whyProblematic,"DOUBLON POTENTIEL : PPL_TOMA_LOMA et PPL_LOMA (id: PPL_LOMA, currentCountries: [LBR]) decrivent le meme peuple sous deux appellations differentes selon le pays. L'Ethnologue divise la langue en deux codes : lom [lom] pour le Liberia et tod [tod] pour la Guinee, ce qui peut expliquer la creation de deux fiches distinctes. La Yale Linguistics (2024) confirme qu'il s'agit bien d'un seul peuple (Loma/Toma) avec une seule langue a deux varietes codifiees separement. Il est recommande de fusionner PPL_LOMA et PPL_TOMA_LOMA, ou d'assigner PPL_LOMA au Liberia (code lom) et PPL_TOMA_LOMA a la Guinee (code tod) en les liant explicitement.",Internal identifier or workshop/maintenance wording in a prose field; route exposure is not certified.
C23,retained,dataset/source/afrik/peuples/FLG_NIGERCONGO/PPL_BETI_FANG.json,93,content/demography/source,"101 Last Tribes : total fang (CMR, GNQ, GAB, Congo) d'environ 1,52 million de locuteurs selon l'Ethnologue. Britannica (fin XXe siecle) : 3,32 millions pour l'ensemble Fang au sens large. Fang GNQ : 85% de la population de GNQ (environ 1,5 million en 2023) = 1,27 million. Fang Gabon : environ 25% de la population gabonaise (environ 2,4 million en 2023) = 600 000. Fang CMR : environ 130 000 (Ethnologue). Estimation retenue 2025 : 3,5 millions (Fang + Beti-Fang au sens strict, excluant les Ewondo-Bulu traites dans PPL_BETI).",Internal identifier or workshop/maintenance wording in a prose field; route exposure is not certified.
C23,retained,dataset/source/afrik/peuples/FLG_NIGERCONGO/PPL_KARANGA_ZIM.json,13,content/appellations/whyProblematic,"La confusion entre Karanga (sous-groupe shona du Zimbabwe meridional) et Kalanga (groupe distinct, parle en botswana et dans le Zimbabwe occidental) est frequente. Les deux sont distincts linguistiquement et culturellement. De plus, l'appellation generique Shona regroupe historiquement plusieurs peuples distincts. La denomination Karanga (Zimbabwe) dans cet enregistrement sert a distinguer ce groupe du fichier PPL_KARANGA general.",Internal identifier or workshop/maintenance wording in a prose field; route exposure is not certified.
C23,retained,dataset/source/afrik/peuples/FLG_NIGERCONGO/PPL_NGANGUELA.json,13,content/appellations/whyProblematic,"PPL_NGANGUELA est quasi-identique a PPL_GANGUELA (deja traite dans ce projet). Les deux fiches designent le meme ensemble de peuples de l'est de l'Angola, PPL_GANGUELA utilisant la forme coloniale portugaise et PPL_NGANGUELA la forme endogene. Il s'agit d'un probable doublon resultant d'une double indexation du meme groupe ethnographique sous deux orthographes. La fiche PPL_NGANGUELA est maintenue pour indexer specificite de la designation endogene Nganguela par opposition a la designation exonyme Ganguela.",Internal identifier or workshop/maintenance wording in a prose field; route exposure is not certified.
C23,retained,dataset/source/afrik/peuples/FLG_NIGERCONGO/PPL_NGANGUELA.json,78,content/demography/source,Estimation basee sur les donnees du recensement angolais et les estimations de la Banque mondiale. La categorie Ganguela representait environ 6% de la population angolaise selon les statistiques coloniales. Population de l'Angola 2025 environ 37 millions. Chiffre inferieur a celui de PPL_GANGUELA (1 500 000) car PPL_NGANGUELA se concentre sur le territoire angolais sans inclure les Mbunda de Zambie deja comptabilises dans PPL_GANGUELA.,Internal identifier or workshop/maintenance wording in a prose field; route exposure is not certified.
C23,retained,dataset/source/afrik/peuples/FLG_NIGERCONGO/PPL_NYANEKA_NKHUMBI.json,17,content/appellations/whyProblematic,"L'appellation Nyaneka-Nkhumbi recouvre deux entites distinctes sur le plan linguistique : les Nyaneka (code ISO nyk, env. 1 267 000 locuteurs selon Joshua Project 2025) et les Nkhumbi (code ISO khu, env. 834 000 locuteurs). Ces deux groupes partagent une culture agropastorale commune et un territoire adjacent, mais parlent des langues differentes. La fiche PPL_NYANEKA_NKHUMBI documente l'ensemble ethnique elargi tel qu'il est traite dans la litterature scientifique et politique, tandis que PPL_NYANEKA couvre les Nyaneka stricto sensu.",Internal identifier or workshop/maintenance wording in a prose field; route exposure is not certified.
C23,retained,dataset/source/afrik/peuples/FLG_NIGERCONGO/PPL_SENA_MOZ.json,17,content/appellations/whyProblematic,"La fiche Sena (MOZ) se distingue de la fiche Sena macro (PPL_SENA) en ce qu'elle se concentre sur les Sena du Mozambique spécifiquement, notamment ceux des provinces de Sofala et de la Zambezia qui forment le noyau originel et démographiquement dominant du groupe. Les Sena du Malawi et du Zimbabwe constituent des branches issues de migrations de travail postérieures et sont parfois considérés comme des entités linguistiquement distinctes.",Internal identifier or workshop/maintenance wording in a prose field; route exposure is not certified.
C23,retained,dataset/source/afrik/peuples/FLG_NIGERCONGO/PPL_SENA_MOZ.json,81,content/historicalRole/diaspora,"Les migrations internes liées à la guerre civile (1977-1992) ont dispersé des communautés sena à Beira (capitale de Sofala), Quelimane et Maputo. Les communautés sena du Malawi et du Zimbabwe (comprises dans la fiche PPL_SENA macro) résultent de migrations économiques du début du 20e siècle. Une diaspora mozambicaine générale (toutes ethnies) est présente au Portugal, en Afrique du Sud, au Zimbabwe et en Tanzanie.",Internal identifier or workshop/maintenance wording in a prose field; route exposure is not certified.
C23,retained,dataset/source/afrik/peuples/FLG_NIGERCONGO/PPL_SWAHILI_TANZANIE.json,77,content/historicalRole/diaspora,"La diaspora swahili de Tanzanie est internationale. Des communautes existent en Oman (voir fiche PPL_SWAHILI_OMAN), au Kenya, en Ouganda, au Rwanda et dans de nombreux pays d'Afrique de l'est. Des Tanzaniens d'identite swahili sont presents en Europe, en Amerique du Nord et dans le Golfe. Zanzibar envoie egalement des travailleurs saisonniers vers les pays arabes et les pays du Golfe.",Internal identifier or workshop/maintenance wording in a prose field; route exposure is not certified.
C23,retained,dataset/source/afrik/peuples/FLG_NIGERCONGO/PPL_TEMBO.json,18,content/appellations/whyProblematic,"Il existe deux langues distinctes portant le nom Tembo dans la nomenclature Ethnologue : Tembo (tbt) parlé dans les provinces du Kivu (DRC, Zone J — Grand Lacs) et Tembo (tmv) de la rivière Mongala (Zone C, nord de la DRC, distinct du groupe kivu). L'article PPL_TEMBO concerne les Batembo du Kivu (tbt), peuple bantou des provinces de Sud-Kivu et Nord-Kivu, à l'est de la RDC.",Internal identifier or workshop/maintenance wording in a prose field; route exposure is not certified.
C23,retained,dataset/source/afrik/peuples/FLG_NIGERCONGO/PPL_ZULU_KWA_ZULU.json,17,content/appellations/whyProblematic,"Cette fiche se distingue de PPL_ZULU en se concentrant sur les Zulu du territoire historique et du bantustan de KwaZulu, aujourd'hui province de KwaZulu-Natal. Le bantustan de KwaZulu (1970-1994) etait artificiel et fragmente (11 exclaves non contiguus), cree par le regime d'apartheid pour priver les Zulu de leur citoyennete sud-africaine. Traiter les Zulu de KwaZulu comme une entite separee comporte donc un risque de reproduire les categories de l'apartheid.",Internal identifier or workshop/maintenance wording in a prose field; route exposure is not certified.
C23,retained,dataset/source/afrik/peuples/FLG_NILOTIQUE/PPL_JIE.json,36,content/origins/unificationsOrDivisions,"Les Jie sont organisés en sections territoriales (Rengen, Lokatap, Panyangara) partageant une identité commune mais maintenant une certaine autonomie. Une scission importante s'est produite au 18e siècle environ, lorsqu'un groupe jie migra vers le Soudan du Sud pour former les Jiye (Jie du Sud, voir PPL_JIE_SUD). Les tensions avec les Karamojong au sud et les Dodoth au nord ont marqué l'histoire jie.",Internal identifier or workshop/maintenance wording in a prose field; route exposure is not certified.
C23,retained,dataset/source/afrik/peuples/FLG_NILOTIQUE/PPL_KARAMOJONG.json,24,content/ethnicities/4,"Jie (section centrale, district de Kotido — souvent traites comme groupe distinct, voir PPL_JIE)",Internal identifier or workshop/maintenance wording in a prose field; route exposure is not certified.
C23,retained,dataset/source/afrik/peuples/FLG_NILOTIQUE/PPL_RENDILLE.json,23,content/appellations/ethnoLinguisticGroup,Cushitique de l'Est (branche afro-asiatique) — note : le fichier est classe FLG_NILOTIQUE mais les Rendille sont linguistiquement cushitiques; leur territoire et leurs alliances les incluent dans l'espace nilotique oriental,Internal identifier or workshop/maintenance wording in a prose field; route exposure is not certified.
C23,retained,dataset/source/afrik/peuples/FLG_OMOTIQUE/PPL_MEEN.json,22,content/appellations/whyProblematic,"Les Me'en ne sont PAS un peuple omotique : leur langue appartient à la branche surmique (Surmic) de la famille nilo-saharienne, et non à la famille afro-asiatique. Le fichier JSON original les classait incorrectement dans l'Omotique du Sud. Les Me'en font partie du groupe Surma (avec les Suri et les Mursi), désignation utilisée par l'administration éthiopienne pour ces trois peuples surmiques. La classification dans FLG_OMOTIQUE est une erreur de catégorisation héritée, maintenue pour la cohérence de la base de données.",Internal identifier or workshop/maintenance wording in a prose field; route exposure is not certified.
C23,retained,dataset/source/afrik/peuples/FLG_OMOTIQUE/PPL_OMOTIQUE_MACRO.json,101,content/demography/source,"Ethnologue / Wikipedia EN — Omotic languages : environ 7,9 millions de locuteurs de langues omotiques. Recensement ethiopien 2007 (base de calcul) avec projection à 2025 selon le taux de croissance démographique éthiopien (~2,4% par an). Les principaux groupes : Wolaita ~2,4M, Gamo ~1,6M, Kefa ~1,3M, Dawro ~800K, Bench ~500K, Aari ~420K, et dizaines de petits groupes. Nota bene : les Me'en (PPL_MEEN, ISO mym) sont Surmiques (Nilo-Sahariens) et ne font pas strictement partie de la famille omotique.",Internal identifier or workshop/maintenance wording in a prose field; route exposure is not certified.
C23,retained,dataset/source/afrik/peuples/FLG_SEMITIQUE/PPL_COPTES.json,65,content/historicalAffiliation/description,"La fiche est rattachée à FLG_SEMITIQUE parce que le champ languageFamilyId enregistre le rattachement linguistique courant, non la filiation historique : les Coptes parlent l'arabe égyptien, langue sémitique. Leur filiation propre est ailleurs. Le copte est le dernier état de l'égyptien ancien (egy, glottocode egyp1246), branche égyptienne de l'ensemble afro-asiatique, et c'est cette langue qui porte la continuité revendiquée avec l'Égypte pharaonique — le nom que la langue donnait au pays, Kemet, « la terre noire », survit dans l'auto-appellation remenkhēmi. Le corpus documente cette filiation par la fiche de langue plutôt que par une fiche de peuple : il ne comporte aucune fiche de peuple éteint, et son modèle démographique décrit des populations vivantes.",Internal identifier or workshop/maintenance wording in a prose field; route exposure is not certified.
C23,retained,dataset/source/afrik/peuples/FLG_SOUDANIQUECENTRAL/PPL_NGBANDE.json,21,content/appellations/ethnoLinguisticGroup,"Famille Oubanghienne (Adamawa-Ubangi), sous-groupe Ngbandique (Niger-Congo) — bien que classés ici en FLG_SOUDANIQUECENTRAL dans ce projet",Internal identifier or workshop/maintenance wording in a prose field; route exposure is not certified.
C23,retained,dataset/source/afrik/peuples/FLG_TCHADIQUE/PPL_BURA.json,24,content/appellations/whyProblematic,"Les Bura et les Bura-Pabir (Babur) sont souvent traites comme un meme groupe dans les sources academiques, car ils parlent la meme langue (ISO 639-3 : bwr) et partagent la plupart de leurs traditions culturelles. La distinction porte essentiellement sur le statut politique : les Pabir (nobles descendants de Yamta-ra-Wala) gouvernent les Bura, qui leur en veulent historiquement. La fiche PPL_BURA documente specifiquement le groupe Bura (population autochtone du plateau de Biu) distinct des Pabir nobles, bien que les deux soient souvent amalgames sous le terme Bura-Pabir.",Internal identifier or workshop/maintenance wording in a prose field; route exposure is not certified.
