original_id_langue,original_nom_langue,original_code_iso_639_3,original_id_famille,decision,retained_id_langue,retained_id_famille,reason
LANG_AFRO_1,Arabe standard moderne,arb,FLG_AFROASIATIQUE,removed,LANG_SEM_1,FLG_SEMITIQUE,Duplicate macro-family assignment; the retained Semitic row is more specific.
LANG_AFRO_2,Amharique,amh,FLG_AFROASIATIQUE,removed,LANG_SEM_2,FLG_SEMITIQUE,Duplicate macro-family assignment; the retained Semitic row is more specific.
LANG_AFRO_3,Somali,som,FLG_AFROASIATIQUE,removed,LANG_COU_1,FLG_COUCHITIQUE,Duplicate macro-family assignment; the retained Cushitic row is more specific.
LANG_AFRO_4,Hausa,hau,FLG_AFROASIATIQUE,removed,LANG_TCH_1,FLG_TCHADIQUE,Duplicate macro-family assignment; the retained Chadic row is more specific.
LANG_AFRO_5,Tigrinya,tir,FLG_AFROASIATIQUE,removed,LANG_SEM_3,FLG_SEMITIQUE,Duplicate macro-family assignment; the retained Semitic row is more specific.
LANG_SEM_1,Arabe standard moderne,arb,FLG_SEMITIQUE,retained,LANG_SEM_1,FLG_SEMITIQUE,Direct Glottolog 5.3 match retained.
LANG_SEM_2,Amharique,amh,FLG_SEMITIQUE,retained,LANG_SEM_2,FLG_SEMITIQUE,Direct Glottolog 5.3 match retained.
LANG_SEM_3,Tigrinya,tir,FLG_SEMITIQUE,retained,LANG_SEM_3,FLG_SEMITIQUE,Direct Glottolog 5.3 match retained.
LANG_SEM_4,H√©breu moderne,heb,FLG_SEMITIQUE,retained,LANG_SEM_4,FLG_SEMITIQUE,Direct Glottolog 5.3 match retained.
LANG_SEM_5,Arabe soudanais,apd,FLG_SEMITIQUE,retained,LANG_SEM_5,FLG_SEMITIQUE,Direct Glottolog 5.3 match retained.
LANG_BER_1,Kabyle,kab,FLG_BERBERE,retained,LANG_BER_1,FLG_BERBERE,Direct Glottolog 5.3 match retained.
LANG_BER_2,Tamazight du Moyen Atlas,tzm,FLG_BERBERE,retained,LANG_BER_2,FLG_BERBERE,Direct Glottolog 5.3 match retained.
LANG_BER_3,Tamazight du Rif (Tarifit),rif,FLG_BERBERE,retained,LANG_BER_3,FLG_BERBERE,Direct Glottolog 5.3 match retained.
LANG_BER_4,Tachelhit,shi,FLG_BERBERE,retained,LANG_BER_4,FLG_BERBERE,Direct Glottolog 5.3 match retained.
LANG_BER_5,Tamasheq (Touareg),taq,FLG_BERBERE,retained,LANG_BER_5,FLG_BERBERE,Direct Glottolog 5.3 match retained.
LANG_TCH_1,Hausa,hau,FLG_TCHADIQUE,retained,LANG_TCH_1,FLG_TCHADIQUE,Direct Glottolog 5.3 match retained.
LANG_TCH_2,Ngambay,,FLG_TCHADIQUE,removed,LANG_SC_2,FLG_SOUDANIQUECENTRAL,Ngambay is Central Sudanic in Glottolog 5.3; the correctly assigned duplicate is retained.
LANG_TCH_3,Bura,,FLG_TCHADIQUE,retained,LANG_TCH_3,FLG_TCHADIQUE,Direct Glottolog 5.3 match retained.
LANG_TCH_4,Margi,,FLG_TCHADIQUE,removed,,,Margi is broad and matches Marghi Central and Marghi South; no single ISO code is unambiguous.
LANG_TCH_5,Kotoko,,FLG_TCHADIQUE,removed,,,Kotoko is a broad grouping in the Chadic tree; the label does not identify one language.
LANG_COU_1,Somali,som,FLG_COUCHITIQUE,retained,LANG_COU_1,FLG_COUCHITIQUE,Direct Glottolog 5.3 match retained.
LANG_COU_2,Oromo (Afaan Oromo),orm,FLG_COUCHITIQUE,removed,,,Glottolog 5.3 does not attach ISO orm to one languoid and Oromo matches multiple languages.
LANG_COU_3,Afar,aar,FLG_COUCHITIQUE,retained,LANG_COU_3,FLG_COUCHITIQUE,Direct Glottolog 5.3 match retained.
LANG_COU_4,Beja,bej,FLG_COUCHITIQUE,retained,LANG_COU_4,FLG_COUCHITIQUE,Direct Glottolog 5.3 match retained.
LANG_COU_5,Sidamo (Sidama),,FLG_COUCHITIQUE,retained,LANG_COU_5,FLG_COUCHITIQUE,Direct Glottolog 5.3 match retained.
LANG_OMO_1,Wolaytta,wal,FLG_OMOTIQUE,removed,,,Glottolog 5.3 classifies Wolaytta in Ta-Ne-Omotic; no exact existing AFRIK family matches.
LANG_OMO_2,Gamo,,FLG_OMOTIQUE,removed,,,Glottolog 5.3 classifies Gamo in Ta-Ne-Omotic; no exact existing AFRIK family matches.
LANG_OMO_3,Bench,,FLG_OMOTIQUE,removed,,,Glottolog 5.3 treats Bench as a separate top-level family; no exact existing AFRIK family matches.
LANG_OMO_4,Dizi,,FLG_OMOTIQUE,removed,,,Glottolog 5.3 treats Dizin as a separate top-level family; no exact existing AFRIK family matches.
LANG_OMO_5,Kafa,,FLG_OMOTIQUE,removed,,,Glottolog 5.3 classifies Kafa in Ta-Ne-Omotic; no exact existing AFRIK family matches.
LANG_NC_1,Swahili,swa,FLG_NIGERCONGO,removed,,,Niger-Congo is not a Glottolog 5.3 family and ISO swa is not attached to a Glottolog languoid.
LANG_NC_2,Yoruba,yor,FLG_NIGERCONGO,removed,LANG_BC_1,FLG_BENOUECONGO,Duplicate macro-family assignment; the retained Benue-Congo row is more specific.
LANG_NC_3,Igbo,ibo,FLG_NIGERCONGO,removed,LANG_BC_2,FLG_BENOUECONGO,Duplicate macro-family assignment; the retained Benue-Congo row is more specific.
LANG_NC_4,Fula / Fulfulde,,FLG_NIGERCONGO,removed,,,Fula or Fulfulde denotes multiple lects and no single ISO language is unambiguous.
LANG_NC_5,Zulu,,FLG_NIGERCONGO,retained,LANG_NC_5,FLG_BANTU,Existing row moved to the exact Glottolog-backed AFRIK family.
LANG_ATL_1,Wolof,wol,FLG_ATLANTIQUE,retained,LANG_ATL_1,FLG_ATLANTIQUE,Direct Glottolog 5.3 match retained.
LANG_ATL_2,Fula / Pulaar,,FLG_ATLANTIQUE,removed,,,Fula or Pulaar denotes multiple lects and no single ISO language is unambiguous.
LANG_ATL_3,Serer,srr,FLG_ATLANTIQUE,retained,LANG_ATL_3,FLG_ATLANTIQUE,Direct Glottolog 5.3 match retained.
LANG_ATL_4,Jola-Fonyi,dyo,FLG_ATLANTIQUE,retained,LANG_ATL_4,FLG_ATLANTIQUE,Direct Glottolog 5.3 match retained.
LANG_ATL_5,Balanta,bjt,FLG_ATLANTIQUE,retained,LANG_ATL_5,FLG_ATLANTIQUE,Direct Glottolog 5.3 match retained.
LANG_MAN_1,Bambara,bam,FLG_MANDE,retained,LANG_MAN_1,FLG_MANDE,Direct Glottolog 5.3 match retained.
LANG_MAN_2,Mandinka,mnk,FLG_MANDE,retained,LANG_MAN_2,FLG_MANDE,Direct Glottolog 5.3 match retained.
LANG_MAN_3,Soninke,snk,FLG_MANDE,retained,LANG_MAN_3,FLG_MANDE,Direct Glottolog 5.3 match retained.
LANG_MAN_4,Vai,vai,FLG_MANDE,retained,LANG_MAN_4,FLG_MANDE,Direct Glottolog 5.3 match retained.
LANG_MAN_5,Kpelle,kpe,FLG_MANDE,removed,,,ISO kpe is not attached to one Glottolog languoid and Kpelle resolves to multiple languages.
LANG_GUR_1,Mossi,mos,FLG_GUR,retained,LANG_GUR_1,FLG_GUR,Direct Glottolog 5.3 match retained.
LANG_GUR_2,Dagbani,dag,FLG_GUR,retained,LANG_GUR_2,FLG_GUR,Direct Glottolog 5.3 match retained.
LANG_GUR_3,Dagaare,dga,FLG_GUR,retained,LANG_GUR_3,FLG_GUR,Direct Glottolog 5.3 match retained.
LANG_GUR_4,Kusaal,kus,FLG_GUR,retained,LANG_GUR_4,FLG_GUR,Direct Glottolog 5.3 match retained.
LANG_GUR_5,Gurene (Frafra),,FLG_GUR,retained,LANG_GUR_5,FLG_GUR,Direct Glottolog 5.3 match retained.
LANG_KRO_1,B√©t√©,,FLG_KROU,removed,,,Bété is a broad label shared by multiple Kru languages; no single ISO code is unambiguous.
LANG_KRO_2,W√© (Gu√©r√©),,FLG_KROU,removed,,,Wé or Guéré is a broad label shared by multiple Kru languages; no single ISO code is unambiguous.
LANG_KRO_3,Dida,,FLG_KROU,removed,,,Dida is a broad label shared by multiple Kru languages; no single ISO code is unambiguous.
LANG_KRO_4,Grebo,grb,FLG_KROU,retained,LANG_KRO_4,FLG_KROU,Direct Glottolog 5.3 match retained.
LANG_KRO_5,Krahn,,FLG_KROU,removed,,,Krahn is a broad label shared by multiple Kru languages; no single ISO code is unambiguous.
LANG_BC_1,Yoruba,yor,FLG_BENOUECONGO,retained,LANG_BC_1,FLG_BENOUECONGO,Direct Glottolog 5.3 match retained.
LANG_BC_2,Igbo,ibo,FLG_BENOUECONGO,retained,LANG_BC_2,FLG_BENOUECONGO,Direct Glottolog 5.3 match retained.
LANG_BC_3,Edo,,FLG_BENOUECONGO,retained,LANG_BC_3,FLG_BENOUECONGO,Direct Glottolog 5.3 match retained.
LANG_BC_4,Tiv,,FLG_BENOUECONGO,retained,LANG_BC_4,FLG_BENOUECONGO,Direct Glottolog 5.3 match retained.
LANG_BC_5,Idoma,,FLG_BENOUECONGO,retained,LANG_BC_5,FLG_BENOUECONGO,Direct Glottolog 5.3 match retained.
LANG_BAN_1,Swahili,swa,FLG_BANTU,removed,,,ISO swa is not attached to a Glottolog 5.3 languoid; the source records individual Swahili as swh.
LANG_BAN_2,Lingala,lin,FLG_BANTU,retained,LANG_BAN_2,FLG_BANTU,Direct Glottolog 5.3 match retained.
LANG_BAN_3,Kinyarwanda,,FLG_BANTU,retained,LANG_BAN_3,FLG_BANTU,Direct Glottolog 5.3 match retained.
LANG_BAN_4,Kirundi,,FLG_BANTU,retained,LANG_BAN_4,FLG_BANTU,Direct Glottolog 5.3 match retained.
LANG_BAN_5,Shona,,FLG_BANTU,retained,LANG_BAN_5,FLG_BANTU,Direct Glottolog 5.3 match retained.
LANG_NS_1,Kanuri,kau,FLG_NILOSAHARIENNE,removed,,,Nilo-Saharan is not a Glottolog 5.3 family and ISO kau is not attached to one languoid.
LANG_NS_2,Songhay (Zarma),,FLG_NILOSAHARIENNE,removed,,,Nilo-Saharan is not a Glottolog 5.3 family and Songhay or Zarma does not identify one language.
LANG_NS_3,Dinka,din,FLG_NILOSAHARIENNE,removed,LANG_NIL_1,FLG_NILOTIQUE,Duplicate unsupported macro-family assignment; the retained Nilotic row is more specific.
LANG_NS_4,Nuer,nus,FLG_NILOSAHARIENNE,removed,LANG_NIL_2,FLG_NILOTIQUE,Duplicate unsupported macro-family assignment; the retained Nilotic row is more specific.
LANG_NS_5,Maasai,mas,FLG_NILOSAHARIENNE,removed,LANG_NIL_3,FLG_NILOTIQUE,Duplicate unsupported macro-family assignment; the retained Nilotic row is more specific.
LANG_NIL_1,Dinka,din,FLG_NILOTIQUE,retained,LANG_NIL_1,FLG_NILOTIQUE,Direct Glottolog 5.3 match retained.
LANG_NIL_2,Nuer,nus,FLG_NILOTIQUE,retained,LANG_NIL_2,FLG_NILOTIQUE,Direct Glottolog 5.3 match retained.
LANG_NIL_3,Maasai,mas,FLG_NILOTIQUE,retained,LANG_NIL_3,FLG_NILOTIQUE,Direct Glottolog 5.3 match retained.
LANG_NIL_4,Luo (dhoLuo),,FLG_NILOTIQUE,retained,LANG_NIL_4,FLG_NILOTIQUE,Direct Glottolog 5.3 match retained.
LANG_NIL_5,Turkana,,FLG_NILOTIQUE,retained,LANG_NIL_5,FLG_NILOTIQUE,Direct Glottolog 5.3 match retained.
LANG_SC_1,Bagirmi,,FLG_SOUDANIQUECENTRAL,retained,LANG_SC_1,FLG_SOUDANIQUECENTRAL,Direct Glottolog 5.3 match retained.
LANG_SC_2,Ngambay,,FLG_SOUDANIQUECENTRAL,retained,LANG_SC_2,FLG_SOUDANIQUECENTRAL,Direct Glottolog 5.3 match retained.
LANG_SC_3,Sara,,FLG_SOUDANIQUECENTRAL,removed,,,Sara is a broad label shared by multiple languages; no single ISO code is unambiguous.
LANG_SC_4,Maba,,FLG_SOUDANIQUECENTRAL,removed,,,Maba is a separate Glottolog 5.3 family rather than Central Sudanic and no exact AFRIK family exists.
LANG_SC_5,Bongo,,FLG_SOUDANIQUECENTRAL,retained,LANG_SC_5,FLG_SOUDANIQUECENTRAL,Direct Glottolog 5.3 match retained.
LANG_SAH_1,Kanuri,kau,FLG_SAHARIEN,removed,,,ISO kau is not attached to one Glottolog languoid and Kanuri resolves to multiple languages.
LANG_SAH_2,Teda,,FLG_SAHARIEN,retained,LANG_SAH_2,FLG_SAHARIEN,Direct Glottolog 5.3 match retained.
LANG_SAH_3,Daza,,FLG_SAHARIEN,retained,LANG_SAH_3,FLG_SAHARIEN,Direct Glottolog 5.3 match retained.
LANG_SAH_4,Zaghawa,,FLG_SAHARIEN,retained,LANG_SAH_4,FLG_SAHARIEN,Direct Glottolog 5.3 match retained.
LANG_SAH_5,Berti,,FLG_SAHARIEN,retained,LANG_SAH_5,FLG_SAHARIEN,Direct Glottolog 5.3 match retained.
LANG_SON_1,Zarma,dje,FLG_SONGHAY,retained,LANG_SON_1,FLG_SONGHAY,Direct Glottolog 5.3 match retained.
LANG_SON_2,Koyra Chiini,,FLG_SONGHAY,retained,LANG_SON_2,FLG_SONGHAY,Direct Glottolog 5.3 match retained.
LANG_SON_3,Koyraboro Senni,,FLG_SONGHAY,retained,LANG_SON_3,FLG_SONGHAY,Direct Glottolog 5.3 match retained.
LANG_SON_4,Dendi,,FLG_SONGHAY,retained,LANG_SON_4,FLG_SONGHAY,Direct Glottolog 5.3 match retained.
LANG_SON_5,Tasawaq,,FLG_SONGHAY,retained,LANG_SON_5,FLG_SONGHAY,Direct Glottolog 5.3 match retained.
LANG_KHO_1,Nama,naq,FLG_KHOISAN,removed,LANG_KHOE_1,FLG_KHOE,Duplicate non-genealogical Khoisan assignment; the retained Khoe row is more specific.
LANG_KHO_2,Khoekhoe,,FLG_KHOISAN,removed,LANG_KHOE_1,FLG_KHOE,Duplicate non-genealogical Khoisan assignment; Khoekhoe is an alias of retained Nama.
LANG_KHO_3,Ju|'hoan,,FLG_KHOISAN,removed,LANG_KXA_1,FLG_KXA,Duplicate non-genealogical Khoisan assignment; the retained Kxa row is more specific.
LANG_KHO_4,Taa («ÉX√≥√µ),,FLG_KHOISAN,removed,,,Khoisan is non-genealogical and Taa or !Xóõ matches East Taa and West !Xoon.
LANG_KHO_5,Naro,,FLG_KHOISAN,removed,LANG_KHOE_5,FLG_KHOE,Duplicate non-genealogical Khoisan assignment; the retained Khoe row is more specific.
LANG_KHOE_1,Nama,naq,FLG_KHOE,retained,LANG_KHOE_1,FLG_KHOE,Direct Glottolog 5.3 match retained.
LANG_KHOE_2,Khoekhoe,,FLG_KHOE,removed,LANG_KHOE_1,FLG_KHOE,Khoekhoe is an alias of Nama and would duplicate ISO naq.
LANG_KHOE_3,Shua,,FLG_KHOE,retained,LANG_KHOE_3,FLG_KHOE,Direct Glottolog 5.3 match retained.
LANG_KHOE_4,Khwe,,FLG_KHOE,retained,LANG_KHOE_4,FLG_KHOE,Direct Glottolog 5.3 match retained.
LANG_KHOE_5,Naro,,FLG_KHOE,retained,LANG_KHOE_5,FLG_KHOE,Direct Glottolog 5.3 match retained.
LANG_KXA_1,Ju|'hoan,,FLG_KXA,retained,LANG_KXA_1,FLG_KXA,Direct Glottolog 5.3 match retained.
LANG_KXA_2,!Kung,,FLG_KXA,removed,LANG_KXA_5,FLG_KXA,!Kung is a broad label; the more specific Ekoka !Kung row is retained for ISO knw.
LANG_KXA_3,«ÇHoan,,FLG_KXA,retained,LANG_KXA_3,FLG_KXA,Direct Glottolog 5.3 match retained.
LANG_KXA_4,!Xun,,FLG_KXA,removed,LANG_KXA_5,FLG_KXA,!Xun is a broad label; the more specific Ekoka !Kung row is retained for ISO knw.
LANG_KXA_5,Ekoka !Kung,,FLG_KXA,retained,LANG_KXA_5,FLG_KXA,Direct Glottolog 5.3 match retained.
LANG_TUU_1,Taa («ÉX√≥√µ),,FLG_TUU,removed,,,Taa or !Xóõ matches East Taa and West !Xoon; no single ISO code is unambiguous.
LANG_TUU_2,N«Ång,,FLG_TUU,retained,LANG_TUU_2,FLG_TUU,Direct Glottolog 5.3 match retained.
LANG_TUU_3,!X√≥√µ,,FLG_TUU,removed,,,!Xóõ matches East Taa and West !Xoon; no single ISO code is unambiguous.
LANG_TUU_4,|Xam,,FLG_TUU,retained,LANG_TUU_4,FLG_TUU,Direct Glottolog 5.3 match retained.
LANG_TUU_5,!Kwi,,FLG_TUU,removed,,,!Kwi maps to the !Ui family node and has no ISO 639-3 code.
LANG_AUS_1,Malagasy (Merina),plt,FLG_AUSTRONESIENNE,retained,LANG_AUS_1,FLG_AUSTRONESIENNE,Direct Glottolog 5.3 match retained.
LANG_AUS_2,Malagasy (Sakalava),skg,FLG_AUSTRONESIENNE,retained,LANG_AUS_2,FLG_AUSTRONESIENNE,Direct Glottolog 5.3 match retained.
LANG_AUS_3,Malagasy (Betsimisaraka),bmm,FLG_AUSTRONESIENNE,retained,LANG_AUS_3,FLG_AUSTRONESIENNE,Direct Glottolog 5.3 match retained.
LANG_AUS_4,Malagasy (Bara),bhr,FLG_AUSTRONESIENNE,retained,LANG_AUS_4,FLG_AUSTRONESIENNE,Direct Glottolog 5.3 match retained.
LANG_AUS_5,Comorien (Shingazidja),zdj,FLG_AUSTRONESIENNE,retained,LANG_AUS_5,FLG_BANTU,Existing row moved to the exact Glottolog-backed AFRIK family.
LANG_CRE_1,Krio (Sierra Leone),kri,FLG_CREOLE,removed,,,Glottolog 5.3 classifies Krio under Indo-European and no exact existing AFRIK family matches.
LANG_CRE_2,Nigerian Pidgin English,,FLG_CREOLE,removed,,,Glottolog 5.3 classifies Nigerian Pidgin under Indo-European and no exact existing AFRIK family matches.
LANG_CRE_3,Cr√©ole cap-verdien,,FLG_CREOLE,removed,,,Glottolog 5.3 classifies Kabuverdianu under Indo-European and no exact existing AFRIK family matches.
LANG_CRE_4,Cr√©ole seychellois,,FLG_CREOLE,removed,,,Glottolog 5.3 classifies Seselwa under Indo-European and no exact existing AFRIK family matches.
LANG_CRE_5,Cr√©ole mauricien,,FLG_CREOLE,removed,,,Glottolog 5.3 classifies Morisyen under Indo-European and no exact existing AFRIK family matches.
